SessionId,DeviceId,Time,UserId,IP,EventAction,EventCategory,EventData,EventEntity,EventLabel,EventLabelRaw,EventSource,UserAgent,Product,MachineName,CollectTime,Platform
178112,2c1ec027-be02-4201-a8ce-09c4ca6031b2,2026-09-15 00:43:59.500000+00:00,ee1fd8bc-9843-44d2-95d2-b0fab193b1eb,123.202.105.130,or.app.resume,,,,"{'list': array([{'item': {'List': 0, 'Param': 'CityID', 'Value': '0'}},
       {'item': {'List': 0, 'Param': 'Lang', 'Value': 'hk'}},
       {'item': {'List': 0, 'Param': 'Ver', 'Value': '7.20.5'}}],
      dtype=object)}",CityID:0;Lang:hk;Ver:7.20.5,Events,OpenRice_iOS/7.20.5 (iPhone; iOS 26.6.2);Lang:zh-HK,OpenRice,production-orga-openrice-netcore-app-67b5c6675c-9plj9,2026-09-15 00:23:01+00:00,ios
178112,2c1ec027-be02-4201-a8ce-09c4ca6031b2,2026-09-15 00:44:00+00:00,ee1fd8bc-9843-44d2-95d2-b0fab193b1eb,123.202.105.130,or.app.start,,,,"{'list': array([{'item': {'List': 0, 'Param': 'CityID', 'Value': '0'}},
       {'item': {'List': 0, 'Param': 'Lang', 'Value': 'hk'}},
       {'item': {'List': 0, 'Param': 'Ver', 'Value': '7.20.5'}},
       {'item': {'List': 0, 'Param': 'device', 'Value': 'iPhone18,1'}}],
      dtype=object)}","CityID:0;Lang:hk;Ver:7.20.5;device:iPhone18,1",Events,OpenRice_iOS/7.20.5 (iPhone; iOS 26.6.2);Lang:zh-HK,OpenRice,production-orga-openrice-netcore-app-67b5c6675c-9plj9,2026-09-15 00:23:01+00:00,ios
178112,2c1ec027-be02-4201-a8ce-09c4ca6031b2,2026-09-15 00:44:06.700000+00:00,ee1fd8bc-9843-44d2-95d2-b0fab193b1eb,123.202.105.130,or.qcksearch,,,,"{'list': array([{'item': {'List': 0, 'Param': 'CityID', 'Value': '0'}},
       {'item': {'List': 0, 'Param': 'sr', 'Value': 'Index'}},
       {'item': {'List': 0, 'Param': 'sn', 'Value': 'HK.Home'}}],
      dtype=object)}",CityID:0;sr:Index;sn:HK.Home,Events,OpenRice_iOS/7.20.5 (iPhone; iOS 26.6.2);Lang:zh-HK,OpenRice,production-orga-openrice-netcore-app-67b5c6675c-9plj9,2026-09-15 00:23:01+00:00,ios
178112,2c1ec027-be02-4201-a8ce-09c4ca6031b2,2026-09-15 00:44:08.800000+00:00,ee1fd8bc-9843-44d2-95d2-b0fab193b1eb,123.202.105.130,or.search.quick,,,,"{'list': array([{'item': {'List': 0, 'Param': 'Page', 'Value': '1'}},
       {'item': {'List': 0, 'Param': 'whatwhere', 'Value': '串燒兄妹'}},
       {'item': {'List': 0, 'Param': 'savehistory', 'Value': 'true'}},
       {'item': {'List': 0, 'Param': 'CityID', 'Value': '0'}},
       {'item': {'List': 0, 'Param': 'Lang', 'Value': 'hk'}},
       {'item': {'List': 0, 'Param': 'Ver', 'Value': '7.20.5'}},
       {'item': {'List': 0, 'Param': 'sr', 'Value': 'qcksearch'}},
       {'item': {'List': 0, 'Param': 'sn', 'Value': 'HK.Search.SR1.1'}}],
      dtype=object)}",Page:1;whatwhere:串燒兄妹;savehistory:true;CityID:0;Lang:hk;Ver:7.20.5;sr:qcksearch;sn:HK.Search.SR1.1,Events,OpenRice_iOS/7.20.5 (iPhone; iOS 26.6.2);Lang:zh-HK,OpenRice,production-orga-openrice-netcore-app-67b5c6675c-9plj9,2026-09-15 00:23:01+00:00,ios
178112,2c1ec027-be02-4201-a8ce-09c4ca6031b2,2026-09-15 00:44:09.100000+00:00,ee1fd8bc-9843-44d2-95d2-b0fab193b1eb,123.202.105.130,impression.poi,,,,"{'list': array([{'item': {'List': 0, 'Param': 'CityID', 'Value': '0'}},
       {'item': {'List': 0, 'Param': 'Lang', 'Value': 'hk'}},
       {'item': {'List': 0, 'Param': 'Ver', 'Value': '7.20.5'}},
       {'item': {'List': 0, 'Param': 'POIID', 'Value': '769806'}},
       {'item': {'List': 0, 'Param': 'Type', 'Value': 'General'}},
       {'item': {'List': 0, 'Param': 'sr', 'Value': '2'}},
       {'item': {'List': 0, 'Param': 'poiTypeId', 'Value': '1'}},
       {'item': {'List': 0, 'Param': 'sn', 'Value': 'HK.Search.SR1.1'}}],
      dtype=object)}",CityID:0;Lang:hk;Ver:7.20.5;POIID:769806;Type:General;sr:2;poiTypeId:1;sn:HK.Search.SR1.1,Events,OpenRice_iOS/7.20.5 (iPhone; iOS 26.6.2);Lang:zh-HK,OpenRice,production-orga-openrice-netcore-app-67b5c6675c-9plj9,2026-09-15 00:23:01+00:00,ios
178112,2c1ec027-be02-4201-a8ce-09c4ca6031b2,2026-09-15 00:44:09.200000+00:00,ee1fd8bc-9843-44d2-95d2-b0fab193b1eb,123.202.105.130,impression.poi,,,,"{'list': array([{'item': {'List': 0, 'Param': 'CityID', 'Value': '0'}},
       {'item': {'List': 0, 'Param': 'Lang', 'Value': 'hk'}},
       {'item': {'List': 0, 'Param': 'Ver', 'Value': '7.20.5'}},
       {'item': {'List': 0, 'Param': 'POIID', 'Value': '875828'}},
       {'item': {'List': 0, 'Param': 'Type', 'Value': 'General'}},
       {'item': {'List': 0, 'Param': 'sr', 'Value': '2'}},
       {'item': {'List': 0, 'Param': 'poiTypeId', 'Value': '1'}},
       {'item': {'List': 0, 'Param': 'sn', 'Value': 'HK.Search.SR1.1'}}],
      dtype=object)}",CityID:0;Lang:hk;Ver:7.20.5;POIID:875828;Type:General;sr:2;poiTypeId:1;sn:HK.Search.SR1.1,Events,OpenRice_iOS/7.20.5 (iPhone; iOS 26.6.2);Lang:zh-HK,OpenRice,production-orga-openrice-netcore-app-67b5c6675c-9plj9,2026-09-15 00:23:01+00:00,ios
178112,2c1ec027-be02-4201-a8ce-09c4ca6031b2,2026-09-15 00:44:09.200000+00:00,ee1fd8bc-9843-44d2-95d2-b0fab193b1eb,123.202.105.130,impression.poi,,,,"{'list': array([{'item': {'List': 0, 'Param': 'CityID', 'Value': '0'}},
       {'item': {'List': 0, 'Param': 'Lang', 'Value': 'hk'}},
       {'item': {'List': 0, 'Param': 'Ver', 'Value': '7.20.5'}},
       {'item': {'List': 0, 'Param': 'POIID', 'Value': '994595'}},
       {'item': {'List': 0, 'Param': 'Type', 'Value': 'General'}},
       {'item': {'List': 0, 'Param': 'sr', 'Value': '2'}},
       {'item': {'List': 0, 'Param': 'poiTypeId', 'Value': '1'}},
       {'item': {'List': 0, 'Param': 'sn', 'Value': 'HK.Search.SR1.1'}}],
      dtype=object)}",CityID:0;Lang:hk;Ver:7.20.5;POIID:994595;Type:General;sr:2;poiTypeId:1;sn:HK.Search.SR1.1,Events,OpenRice_iOS/7.20.5 (iPhone; iOS 26.6.2);Lang:zh-HK,OpenRice,production-orga-openrice-netcore-app-67b5c6675c-9plj9,2026-09-15 00:23:01+00:00,ios
178112,2c1ec027-be02-4201-a8ce-09c4ca6031b2,2026-09-15 00:44:10.500000+00:00,ee1fd8bc-9843-44d2-95d2-b0fab193b1eb,123.202.105.130,impression.poi,,,,"{'list': array([{'item': {'List': 0, 'Param': 'CityID', 'Value': '0'}},
       {'item': {'List': 0, 'Param': 'Lang', 'Value': 'hk'}},
       {'item': {'List': 0, 'Param': 'Ver', 'Value': '7.20.5'}},
       {'item': {'List': 0, 'Param': 'POIID', 'Value': '1128298'}},
       {'item': {'List': 0, 'Param': 'Type', 'Value': 'General'}},
       {'item': {'List': 0, 'Param': 'sr', 'Value': '2'}},
       {'item': {'List': 0, 'Param': 'poiTypeId', 'Value': '1'}},
       {'item': {'List': 0, 'Param': 'sn', 'Value': 'HK.Search.SR1.1'}}],
      dtype=object)}",CityID:0;Lang:hk;Ver:7.20.5;POIID:1128298;Type:General;sr:2;poiTypeId:1;sn:HK.Search.SR1.1,Events,OpenRice_iOS/7.20.5 (iPhone; iOS 26.6.2);Lang:zh-HK,OpenRice,production-orga-openrice-netcore-app-67b5c6675c-9plj9,2026-09-15 00:23:01+00:00,ios
178112,2c1ec027-be02-4201-a8ce-09c4ca6031b2,2026-09-15 00:44:11.200000+00:00,ee1fd8bc-9843-44d2-95d2-b0fab193b1eb,123.202.105.130,or.poi.get-details,,,,"{'list': array([{'item': {'List': 0, 'Param': 'CityID', 'Value': '0'}},
       {'item': {'List': 0, 'Param': 'Lang', 'Value': 'hk'}},
       {'item': {'List': 0, 'Param': 'Ver', 'Value': '7.20.5'}},
       {'item': {'List': 0, 'Param': 'POIID', 'Value': '994595'}},
       {'item': {'List': 0, 'Param': 'poiTypeId', 'Value': '1'}},
       {'item': {'List': 0, 'Param': 'sr', 'Value': 'sr1'}},
       {'item': {'List': 0, 'Param': 'sn', 'Value': 'HK.Search.SR1.1'}}],
      dtype=object)}",CityID:0;Lang:hk;Ver:7.20.5;POIID:994595;poiTypeId:1;sr:sr1;sn:HK.Search.SR1.1,Events,OpenRice_iOS/7.20.5 (iPhone; iOS 26.6.2);Lang:zh-HK,OpenRice,production-orga-openrice-netcore-app-67b5c6675c-9plj9,2026-09-15 00:23:01+00:00,ios
178112,2c1ec027-be02-4201-a8ce-09c4ca6031b2,2026-09-15 00:44:11.200000+00:00,ee1fd8bc-9843-44d2-95d2-b0fab193b1eb,123.202.105.130,or.search.get-poi,,,,"{'list': array([{'item': {'List': 0, 'Param': 'CityID', 'Value': '0'}},
       {'item': {'List': 0, 'Param': 'Lang', 'Value': 'hk'}},
       {'item': {'List': 0, 'Param': 'Ver', 'Value': '7.20.5'}},
       {'item': {'List': 0, 'Param': 'POIID', 'Value': '994595'}},
       {'item': {'List': 0, 'Param': 'poiTypeId', 'Value': '1'}},
       {'item': {'List': 0, 'Param': 'sr', 'Value': 'sr1'}},
       {'item': {'List': 0, 'Param': 'sn', 'Value': 'HK.Search.SR1.1'}}],
      dtype=object)}",CityID:0;Lang:hk;Ver:7.20.5;POIID:994595;poiTypeId:1;sr:sr1;sn:HK.Search.SR1.1,Events,OpenRice_iOS/7.20.5 (iPhone; iOS 26.6.2);Lang:zh-HK,OpenRice,production-orga-openrice-netcore-app-67b5c6675c-9plj9,2026-09-15 00:23:01+00:00,ios
178112,2c1ec027-be02-4201-a8ce-09c4ca6031b2,2026-09-15 00:44:11.200000+00:00,ee1fd8bc-9843-44d2-95d2-b0fab193b1eb,123.202.105.130,or.poi.get-overview,,,,"{'list': array([{'item': {'List': 0, 'Param': 'CityID', 'Value': '0'}},
       {'item': {'List': 0, 'Param': 'Lang', 'Value': 'hk'}},
       {'item': {'List': 0, 'Param': 'Ver', 'Value': '7.20.5'}},
       {'item': {'List': 0, 'Param': 'POIID', 'Value': '994595'}},
       {'item': {'List': 0, 'Param': 'poiTypeId', 'Value': '1'}},
       {'item': {'List': 0, 'Param': 'sn', 'Value': 'HK.Search.SR1.1'}}],
      dtype=object)}",CityID:0;Lang:hk;Ver:7.20.5;POIID:994595;poiTypeId:1;sn:HK.Search.SR1.1,Events,OpenRice_iOS/7.20.5 (iPhone; iOS 26.6.2);Lang:zh-HK,OpenRice,production-orga-openrice-netcore-app-67b5c6675c-9plj9,2026-09-15 00:23:01+00:00,ios
178112,2c1ec027-be02-4201-a8ce-09c4ca6031b2,2026-09-15 00:44:13.700000+00:00,ee1fd8bc-9843-44d2-95d2-b0fab193b1eb,123.202.105.130,or.takeaway.order,,,,"{'list': array([{'item': {'List': 0, 'Param': 'CityID', 'Value': '0'}},
       {'item': {'List': 0, 'Param': 'Lang', 'Value': 'hk'}},
       {'item': {'List': 0, 'Param': 'Ver', 'Value': '7.20.5'}},
       {'item': {'List': 0, 'Param': 'POIID', 'Value': '994595'}},
       {'item': {'List': 0, 'Param': 'sr', 'Value': 'menu'}},
       {'item': {'List': 0, 'Param': 'sn', 'Value': 'HK.Takeaway.order.994595'}}],
      dtype=object)}",CityID:0;Lang:hk;Ver:7.20.5;POIID:994595;sr:menu;sn:HK.Takeaway.order.994595,Events,OpenRice_iOS/7.20.5 (iPhone; iOS 26.6.2);Lang:zh-HK,OpenRice,production-orga-openrice-netcore-app-67b5c6675c-9plj9,2026-09-15 00:23:01+00:00,ios
178112,2c1ec027-be02-4201-a8ce-09c4ca6031b2,2026-09-15 00:46:02.100000+00:00,ee1fd8bc-9843-44d2-95d2-b0fab193b1eb,123.202.105.130,or.takeaway.checkout,,,,"{'list': array([{'item': {'List': 0, 'Param': 'CityID', 'Value': '0'}},
       {'item': {'List': 0, 'Param': 'Lang', 'Value': 'hk'}},
       {'item': {'List': 0, 'Param': 'Ver', 'Value': '7.20.5'}},
       {'item': {'List': 0, 'Param': 'sr', 'Value': 'menu'}},
       {'item': {'List': 0, 'Param': 'POIID', 'Value': '994595'}},
       {'item': {'List': 0, 'Param': 'sn', 'Value': 'HK.Takeaway.order.994595'}}],
      dtype=object)}",CityID:0;Lang:hk;Ver:7.20.5;sr:menu;POIID:994595;sn:HK.Takeaway.order.994595,Events,OpenRice_iOS/7.20.5 (iPhone; iOS 26.6.2);Lang:zh-HK,OpenRice,production-orga-openrice-netcore-app-67b5c6675c-9plj9,2026-09-15 00:25:01+00:00,ios
178112,2c1ec027-be02-4201-a8ce-09c4ca6031b2,2026-09-15 00:46:29.900000+00:00,ee1fd8bc-9843-44d2-95d2-b0fab193b1eb,123.202.105.130,or.takeaway.place-order,,,,"{'list': array([{'item': {'List': 0, 'Param': 'CityID', 'Value': '0'}},
       {'item': {'List': 0, 'Param': 'Lang', 'Value': 'hk'}},
       {'item': {'List': 0, 'Param': 'Ver', 'Value': '7.20.5'}},
       {'item': {'List': 0, 'Param': 'sr', 'Value': 'checkout'}},
       {'item': {'List': 0, 'Param': 'POIID', 'Value': '994595'}},
       {'item': {'List': 0, 'Param': 'PromoCode', 'Value': 'None'}},
       {'item': {'List': 0, 'Param': 'sn', 'Value': 'HK.Takeaway.checkout.994595'}}],
      dtype=object)}",CityID:0;Lang:hk;Ver:7.20.5;sr:checkout;POIID:994595;PromoCode:None;sn:HK.Takeaway.checkout.994595,Events,OpenRice_iOS/7.20.5 (iPhone; iOS 26.6.2);Lang:zh-HK,OpenRice,production-orga-openrice-netcore-app-67b5c6675c-b4jfn,2026-09-15 00:25:01+00:00,ios
178112,2c1ec027-be02-4201-a8ce-09c4ca6031b2,2026-09-15 00:46:42.100000+00:00,ee1fd8bc-9843-44d2-95d2-b0fab193b1eb,14.0.157.228,or.app.resume,,,,"{'list': array([{'item': {'List': 0, 'Param': 'CityID', 'Value': '0'}},
       {'item': {'List': 0, 'Param': 'Lang', 'Value': 'hk'}},
       {'item': {'List': 0, 'Param': 'Ver', 'Value': '7.20.5'}}],
      dtype=object)}",CityID:0;Lang:hk;Ver:7.20.5,Events,OpenRice_iOS/7.20.5 (iPhone; iOS 26.6.2);Lang:zh-HK,OpenRice,production-orga-openrice-netcore-app-67b5c6675c-b4jfn,2026-09-15 00:44:01+00:00,ios
178112,2c1ec027-be02-4201-a8ce-09c4ca6031b2,2026-09-15 00:46:43.100000+00:00,ee1fd8bc-9843-44d2-95d2-b0fab193b1eb,14.0.157.228,or.takeaway.pay,,,,"{'list': array([{'item': {'List': 0, 'Param': 'CityID', 'Value': '0'}},
       {'item': {'List': 0, 'Param': 'Lang', 'Value': 'hk'}},
       {'item': {'List': 0, 'Param': 'Ver', 'Value': '7.20.5'}},
       {'item': {'List': 0, 'Param': 'sr', 'Value': 'payment'}},
       {'item': {'List': 0, 'Param': 'poiId', 'Value': '994595'}}],
      dtype=object)}",CityID:0;Lang:hk;Ver:7.20.5;sr:payment;poiId:994595,Events,OpenRice_iOS/7.20.5 (iPhone; iOS 26.6.2);Lang:zh-HK,OpenRice,production-orga-openrice-netcore-app-67b5c6675c-b4jfn,2026-09-15 00:44:01+00:00,ios
178112,2c1ec027-be02-4201-a8ce-09c4ca6031b2,2026-09-15 00:46:50.200000+00:00,ee1fd8bc-9843-44d2-95d2-b0fab193b1eb,14.0.157.228,or.app.resume,,,,"{'list': array([{'item': {'List': 0, 'Param': 'CityID', 'Value': '0'}},
       {'item': {'List': 0, 'Param': 'Lang', 'Value': 'hk'}},
       {'item': {'List': 0, 'Param': 'Ver', 'Value': '7.20.5'}}],
      dtype=object)}",CityID:0;Lang:hk;Ver:7.20.5,Events,OpenRice_iOS/7.20.5 (iPhone; iOS 26.6.2);Lang:zh-HK,OpenRice,production-orga-openrice-netcore-app-67b5c6675c-b4jfn,2026-09-15 00:44:01+00:00,ios
178112,2c1ec027-be02-4201-a8ce-09c4ca6031b2,2026-09-15 00:47:55.300000+00:00,ee1fd8bc-9843-44d2-95d2-b0fab193b1eb,14.0.157.228,or.app.resume,,,,"{'list': array([{'item': {'List': 0, 'Param': 'CityID', 'Value': '0'}},
       {'item': {'List': 0, 'Param': 'Lang', 'Value': 'hk'}},
       {'item': {'List': 0, 'Param': 'Ver', 'Value': '7.20.5'}}],
      dtype=object)}",CityID:0;Lang:hk;Ver:7.20.5,Events,OpenRice_iOS/7.20.5 (iPhone; iOS 26.6.2);Lang:zh-HK,OpenRice,production-orga-openrice-netcore-app-67b5c6675c-b4jfn,2026-09-15 00:44:01+00:00,ios
178112,2c1ec027-be02-4201-a8ce-09c4ca6031b2,2026-09-15 01:04:58.400000+00:00,ee1fd8bc-9843-44d2-95d2-b0fab193b1eb,14.0.157.228,or.app.resume,,,,"{'list': array([{'item': {'List': 0, 'Param': 'CityID', 'Value': '0'}},
       {'item': {'List': 0, 'Param': 'Lang', 'Value': 'hk'}},
       {'item': {'List': 0, 'Param': 'Ver', 'Value': '7.20.5'}}],
      dtype=object)}",CityID:0;Lang:hk;Ver:7.20.5,Events,OpenRice_iOS/7.20.5 (iPhone; iOS 26.6.2);Lang:zh-HK,OpenRice,production-orga-openrice-netcore-app-67b5c6675c-b4jfn,2026-09-15 00:44:01+00:00,ios
127050,1f894cab868b116f,2026-09-15 01:38:56.900000+00:00,5be930b6-83c3-42b9-a401-dba18fc1f458,180.188.172.244,or.poi.get-details,,,,"{'list': array([{'item': {'List': 0, 'Param': 'CityID', 'Value': '0'}},
       {'item': {'List': 0, 'Param': 'POIID', 'Value': '183366'}},
       {'item': {'List': 0, 'Param': 'poiTypeId', 'Value': '0'}},
       {'item': {'List': 0, 'Param': 'Sr', 'Value': 'sr1'}},
       {'item': {'List': 0, 'Param': 'Lang', 'Value': 'zh_HK'}},
       {'item': {'List': 0, 'Param': 'Ver', 'Value': '7.20.4'}},
       {'item': {'List': 0, 'Param': 'sn', 'Value': 'hk.Search.SR1.1'}}],
      dtype=object)}",CityID:0;POIID:183366;poiTypeId:0;Sr:sr1;Lang:zh_HK;Ver:7.20.4; sn:hk.Search.SR1.1,Events,Openrice_Android/7.20.4 (Android; 36) [SM-S9480];Lang:zh-HK,OpenRice,production-orga-openrice-netcore-app-67b5c6675c-b4jfn,2026-09-15 13:55:01+00:00,android
127050,1f894cab868b116f,2026-09-15 01:38:56.900000+00:00,5be930b6-83c3-42b9-a401-dba18fc1f458,180.188.172.244,or.poi.get-overview,,,,"{'list': array([{'item': {'List': 0, 'Param': 'CityID', 'Value': '0'}},
       {'item': {'List': 0, 'Param': 'POIID', 'Value': '183366'}},
       {'item': {'List': 0, 'Param': 'poiTypeId', 'Value': '0'}},
       {'item': {'List': 0, 'Param': 'Lang', 'Value': 'zh_HK'}},
       {'item': {'List': 0, 'Param': 'Ver', 'Value': '7.20.4'}},
       {'item': {'List': 0, 'Param': 'sn', 'Value': 'hk.Search.SR1.1'}}],
      dtype=object)}",CityID:0;POIID:183366;poiTypeId:0;Lang:zh_HK;Ver:7.20.4; sn:hk.Search.SR1.1,Events,Openrice_Android/7.20.4 (Android; 36) [SM-S9480];Lang:zh-HK,OpenRice,production-orga-openrice-netcore-app-67b5c6675c-b4jfn,2026-09-15 13:55:01+00:00,android
127050,1f894cab868b116f,2026-09-15 01:38:57.900000+00:00,5be930b6-83c3-42b9-a401-dba18fc1f458,180.188.172.244,or.poi.get-details,,,,"{'list': array([{'item': {'List': 0, 'Param': 'CityID', 'Value': '0'}},
       {'item': {'List': 0, 'Param': 'POIID', 'Value': '183366'}},
       {'item': {'List': 0, 'Param': 'poiTypeId', 'Value': '0'}},
       {'item': {'List': 0, 'Param': 'Sr', 'Value': 'sr1'}},
       {'item': {'List': 0, 'Param': 'Lang', 'Value': 'zh_HK'}},
       {'item': {'List': 0, 'Param': 'Ver', 'Value': '7.20.4'}},
       {'item': {'List': 0, 'Param': 'sn', 'Value': 'hk.Search.SR1.1'}}],
      dtype=object)}",CityID:0;POIID:183366;poiTypeId:0;Sr:sr1;Lang:zh_HK;Ver:7.20.4; sn:hk.Search.SR1.1,Events,Openrice_Android/7.20.4 (Android; 36) [SM-S9480];Lang:zh-HK,OpenRice,production-orga-openrice-netcore-app-67b5c6675c-b4jfn,2026-09-15 13:55:01+00:00,android
127050,1f894cab868b116f,2026-09-15 01:38:57.900000+00:00,5be930b6-83c3-42b9-a401-dba18fc1f458,180.188.172.244,or.poi.get-overview,,,,"{'list': array([{'item': {'List': 0, 'Param': 'CityID', 'Value': '0'}},
       {'item': {'List': 0, 'Param': 'POIID', 'Value': '183366'}},
       {'item': {'List': 0, 'Param': 'poiTypeId', 'Value': '0'}},
       {'item': {'List': 0, 'Param': 'Lang', 'Value': 'zh_HK'}},
       {'item': {'List': 0, 'Param': 'Ver', 'Value': '7.20.4'}},
       {'item': {'List': 0, 'Param': 'sn', 'Value': 'hk.Search.SR1.1'}}],
      dtype=object)}",CityID:0;POIID:183366;poiTypeId:0;Lang:zh_HK;Ver:7.20.4; sn:hk.Search.SR1.1,Events,Openrice_Android/7.20.4 (Android; 36) [SM-S9480];Lang:zh-HK,OpenRice,production-orga-openrice-netcore-app-67b5c6675c-b4jfn,2026-09-15 13:55:01+00:00,android
127050,1f894cab868b116f,2026-09-15 01:39:00.400000+00:00,5be930b6-83c3-42b9-a401-dba18fc1f458,180.188.172.244,or.poi.back,,,,"{'list': array([{'item': {'List': 0, 'Param': 'POIID', 'Value': '183366'}},
       {'item': {'List': 0, 'Param': 'poiTypeId', 'Value': '1'}},
       {'item': {'List': 0, 'Param': 'CityID', 'Value': '0'}},
       {'item': {'List': 0, 'Param': 'Lang', 'Value': 'zh_HK'}},
       {'item': {'List': 0, 'Param': 'Ver', 'Value': '7.20.4'}},
       {'item': {'List': 0, 'Param': 'sn', 'Value': 'hk.SR2.overview.183366'}}],
      dtype=object)}",POIID:183366;poiTypeId:1; CityID:0;Lang:zh_HK;Ver:7.20.4; sn:hk.SR2.overview.183366,Events,Openrice_Android/7.20.4 (Android; 36) [SM-S9480];Lang:zh-HK,OpenRice,production-orga-openrice-netcore-app-67b5c6675c-b4jfn,2026-09-15 13:55:01+00:00,android
127050,1f894cab868b116f,2026-09-15 01:39:01.400000+00:00,5be930b6-83c3-42b9-a401-dba18fc1f458,180.188.172.244,or.poi.back,,,,"{'list': array([{'item': {'List': 0, 'Param': 'POIID', 'Value': '183366'}},
       {'item': {'List': 0, 'Param': 'poiTypeId', 'Value': '1'}},
       {'item': {'List': 0, 'Param': 'CityID', 'Value': '0'}},
       {'item': {'List': 0, 'Param': 'Lang', 'Value': 'zh_HK'}},
       {'item': {'List': 0, 'Param': 'Ver', 'Value': '7.20.4'}},
       {'item': {'List': 0, 'Param': 'sn', 'Value': 'hk.SR2.overview.183366'}}],
      dtype=object)}",POIID:183366;poiTypeId:1; CityID:0;Lang:zh_HK;Ver:7.20.4; sn:hk.SR2.overview.183366,Events,Openrice_Android/7.20.4 (Android; 36) [SM-S9480];Lang:zh-HK,OpenRice,production-orga-openrice-netcore-app-67b5c6675c-b4jfn,2026-09-15 13:55:01+00:00,android
127050,1f894cab868b116f,2026-09-15 01:39:02.700000+00:00,5be930b6-83c3-42b9-a401-dba18fc1f458,180.188.172.244,or.search.quick,,,,"{'list': array([{'item': {'List': 0, 'Param': 'CityID', 'Value': '0'}},
       {'item': {'List': 0, 'Param': 'geo', 'Value': '22.4620178,114.1522133'}},
       {'item': {'List': 0, 'Param': 'Page', 'Value': '1'}},
       {'item': {'List': 0, 'Param': 'sr', 'Value': ''}},
       {'item': {'List': 0, 'Param': 'whatwhere', 'Value': '黃埔pepper lunch'}},
       {'item': {'List': 0, 'Param': 'Lang', 'Value': 'zh_HK'}},
       {'item': {'List': 0, 'Param': 'Ver', 'Value': '7.20.4'}},
       {'item': {'List': 0, 'Param': 'sn', 'Value': 'hk.Search.layer'}}],
      dtype=object)}","CityID:0;geo:22.4620178,114.1522133;Page:1;sr:;whatwhere:黃埔pepper lunch;Lang:zh_HK;Ver:7.20.4; sn:hk.Search.layer",Events,Openrice_Android/7.20.4 (Android; 36) [SM-S9480];Lang:zh-HK,OpenRice,production-orga-openrice-netcore-app-67b5c6675c-b4jfn,2026-09-15 13:55:01+00:00,android
127050,1f894cab868b116f,2026-09-15 01:39:03.700000+00:00,5be930b6-83c3-42b9-a401-dba18fc1f458,180.188.172.244,impression.poi,,,,"{'list': array([{'item': {'List': 0, 'Param': 'CityID', 'Value': '0'}},
       {'item': {'List': 0, 'Param': 'POIID', 'Value': '183366'}},
       {'item': {'List': 0, 'Param': 'Type', 'Value': 'General'}},
       {'item': {'List': 0, 'Param': 'poiTypeId', 'Value': '1'}},
       {'item': {'List': 0, 'Param': 'Sr', 'Value': '2'}},
       {'item': {'List': 0, 'Param': 'Lang', 'Value': 'zh_HK'}},
       {'item': {'List': 0, 'Param': 'Ver', 'Value': '7.20.4'}},
       {'item': {'List': 0, 'Param': 'sn', 'Value': 'hk.Search.SR1.1'}}],
      dtype=object)}",CityID:0; POIID:183366; Type:General; poiTypeId:1; Sr:2;Lang:zh_HK;Ver:7.20.4; sn:hk.Search.SR1.1,Events,Openrice_Android/7.20.4 (Android; 36) [SM-S9480];Lang:zh-HK,OpenRice,production-orga-openrice-netcore-app-67b5c6675c-b4jfn,2026-09-15 13:56:01+00:00,android
127050,1f894cab868b116f,2026-09-15 01:39:03.700000+00:00,5be930b6-83c3-42b9-a401-dba18fc1f458,180.188.172.244,or.search.quick,,,,"{'list': array([{'item': {'List': 0, 'Param': 'CityID', 'Value': '0'}},
       {'item': {'List': 0, 'Param': 'geo', 'Value': '22.4620178,114.1522133'}},
       {'item': {'List': 0, 'Param': 'Page', 'Value': '1'}},
       {'item': {'List': 0, 'Param': 'sr', 'Value': ''}},
       {'item': {'List': 0, 'Param': 'whatwhere', 'Value': '黃埔pepper lunch'}},
       {'item': {'List': 0, 'Param': 'Lang', 'Value': 'zh_HK'}},
       {'item': {'List': 0, 'Param': 'Ver', 'Value': '7.20.4'}},
       {'item': {'List': 0, 'Param': 'sn', 'Value': 'hk.Search.layer'}}],
      dtype=object)}","CityID:0;geo:22.4620178,114.1522133;Page:1;sr:;whatwhere:黃埔pepper lunch;Lang:zh_HK;Ver:7.20.4; sn:hk.Search.layer",Events,Openrice_Android/7.20.4 (Android; 36) [SM-S9480];Lang:zh-HK,OpenRice,production-orga-openrice-netcore-app-67b5c6675c-b4jfn,2026-09-15 13:55:01+00:00,android
127050,1f894cab868b116f,2026-09-15 01:39:04.200000+00:00,5be930b6-83c3-42b9-a401-dba18fc1f458,180.188.172.244,or.search.layer,,,,"{'list': array([{'item': {'List': 0, 'Param': 'CityID', 'Value': '0'}},
       {'item': {'List': 0, 'Param': 'Lang', 'Value': 'zh_HK'}},
       {'item': {'List': 0, 'Param': 'Ver', 'Value': '7.20.4'}},
       {'item': {'List': 0, 'Param': 'sn', 'Value': 'hk.Search.SR1.1'}}],
      dtype=object)}",CityID:0;Lang:zh_HK;Ver:7.20.4; sn:hk.Search.SR1.1,Events,Openrice_Android/7.20.4 (Android; 36) [SM-S9480];Lang:zh-HK,OpenRice,production-orga-openrice-netcore-app-67b5c6675c-b4jfn,2026-09-15 13:56:01+00:00,android
127050,1f894cab868b116f,2026-09-15 01:39:04.200000+00:00,5be930b6-83c3-42b9-a401-dba18fc1f458,180.188.172.244,or.search.layer,,,,"{'list': array([{'item': {'List': 0, 'Param': 'CityID', 'Value': '0'}},
       {'item': {'List': 0, 'Param': 'Lang', 'Value': 'zh_HK'}},
       {'item': {'List': 0, 'Param': 'Ver', 'Value': '7.20.4'}},
       {'item': {'List': 0, 'Param': 'sn', 'Value': 'hk.QckSearch'}}],
      dtype=object)}",CityID:0;Lang:zh_HK;Ver:7.20.4; sn:hk.QckSearch,Events,Openrice_Android/7.20.4 (Android; 36) [SM-S9480];Lang:zh-HK,OpenRice,production-orga-openrice-netcore-app-67b5c6675c-b4jfn,2026-09-15 13:56:01+00:00,android
127050,1f894cab868b116f,2026-09-15 01:39:04.200000+00:00,5be930b6-83c3-42b9-a401-dba18fc1f458,180.188.172.244,or.qcksearch,,,,"{'list': array([{'item': {'List': 0, 'Param': 'CityID', 'Value': '0'}},
       {'item': {'List': 0, 'Param': 'Lang', 'Value': 'zh_HK'}},
       {'item': {'List': 0, 'Param': 'Ver', 'Value': '7.20.4'}},
       {'item': {'List': 0, 'Param': 'sn', 'Value': 'hk.Home'}}],
      dtype=object)}",CityID:0;Lang:zh_HK;Ver:7.20.4; sn:hk.Home,Events,Openrice_Android/7.20.4 (Android; 36) [SM-S9480];Lang:zh-HK,OpenRice,production-orga-openrice-netcore-app-67b5c6675c-b4jfn,2026-09-15 13:56:01+00:00,android
127050,1f894cab868b116f,2026-09-15 01:39:04.700000+00:00,5be930b6-83c3-42b9-a401-dba18fc1f458,180.188.172.244,impression.poi,,,,"{'list': array([{'item': {'List': 0, 'Param': 'CityID', 'Value': '0'}},
       {'item': {'List': 0, 'Param': 'POIID', 'Value': '183366'}},
       {'item': {'List': 0, 'Param': 'Type', 'Value': 'General'}},
       {'item': {'List': 0, 'Param': 'poiTypeId', 'Value': '1'}},
       {'item': {'List': 0, 'Param': 'Sr', 'Value': '2'}},
       {'item': {'List': 0, 'Param': 'Lang', 'Value': 'zh_HK'}},
       {'item': {'List': 0, 'Param': 'Ver', 'Value': '7.20.4'}},
       {'item': {'List': 0, 'Param': 'sn', 'Value': 'hk.Search.SR1.1'}}],
      dtype=object)}",CityID:0; POIID:183366; Type:General; poiTypeId:1; Sr:2;Lang:zh_HK;Ver:7.20.4; sn:hk.Search.SR1.1,Events,Openrice_Android/7.20.4 (Android; 36) [SM-S9480];Lang:zh-HK,OpenRice,production-orga-openrice-netcore-app-67b5c6675c-b4jfn,2026-09-15 13:55:01+00:00,android
127050,1f894cab868b116f,2026-09-15 01:39:05.200000+00:00,5be930b6-83c3-42b9-a401-dba18fc1f458,180.188.172.244,or.search.layer,,,,"{'list': array([{'item': {'List': 0, 'Param': 'CityID', 'Value': '0'}},
       {'item': {'List': 0, 'Param': 'Lang', 'Value': 'zh_HK'}},
       {'item': {'List': 0, 'Param': 'Ver', 'Value': '7.20.4'}},
       {'item': {'List': 0, 'Param': 'sn', 'Value': 'hk.QckSearch'}}],
      dtype=object)}",CityID:0;Lang:zh_HK;Ver:7.20.4; sn:hk.QckSearch,Events,Openrice_Android/7.20.4 (Android; 36) [SM-S9480];Lang:zh-HK,OpenRice,production-orga-openrice-netcore-app-67b5c6675c-b4jfn,2026-09-15 13:55:01+00:00,android
127050,1f894cab868b116f,2026-09-15 01:39:05.200000+00:00,5be930b6-83c3-42b9-a401-dba18fc1f458,180.188.172.244,or.search.layer,,,,"{'list': array([{'item': {'List': 0, 'Param': 'CityID', 'Value': '0'}},
       {'item': {'List': 0, 'Param': 'Lang', 'Value': 'zh_HK'}},
       {'item': {'List': 0, 'Param': 'Ver', 'Value': '7.20.4'}},
       {'item': {'List': 0, 'Param': 'sn', 'Value': 'hk.Search.SR1.1'}}],
      dtype=object)}",CityID:0;Lang:zh_HK;Ver:7.20.4; sn:hk.Search.SR1.1,Events,Openrice_Android/7.20.4 (Android; 36) [SM-S9480];Lang:zh-HK,OpenRice,production-orga-openrice-netcore-app-67b5c6675c-b4jfn,2026-09-15 13:55:01+00:00,android
127050,1f894cab868b116f,2026-09-15 01:39:05.200000+00:00,5be930b6-83c3-42b9-a401-dba18fc1f458,180.188.172.244,or.qcksearch,,,,"{'list': array([{'item': {'List': 0, 'Param': 'CityID', 'Value': '0'}},
       {'item': {'List': 0, 'Param': 'Lang', 'Value': 'zh_HK'}},
       {'item': {'List': 0, 'Param': 'Ver', 'Value': '7.20.4'}},
       {'item': {'List': 0, 'Param': 'sn', 'Value': 'hk.Home'}}],
      dtype=object)}",CityID:0;Lang:zh_HK;Ver:7.20.4; sn:hk.Home,Events,Openrice_Android/7.20.4 (Android; 36) [SM-S9480];Lang:zh-HK,OpenRice,production-orga-openrice-netcore-app-67b5c6675c-b4jfn,2026-09-15 13:55:01+00:00,android
127050,1f894cab868b116f,2026-09-15 01:39:12.500000+00:00,5be930b6-83c3-42b9-a401-dba18fc1f458,180.188.172.244,or.search.layer.record,,,,"{'list': array([{'item': {'List': 0, 'Param': 'CityId', 'Value': '0'}},
       {'item': {'List': 0, 'Param': 'Lang', 'Value': 'zh_HK'}},
       {'item': {'List': 0, 'Param': 'Ver', 'Value': '7.20.4'}},
       {'item': {'List': 0, 'Param': 'sn', 'Value': 'hk.Search.layer'}}],
      dtype=object)}",CityId:0;Lang:zh_HK;Ver:7.20.4; sn:hk.Search.layer,Events,Openrice_Android/7.20.4 (Android; 36) [SM-S9480];Lang:zh-HK,OpenRice,production-orga-openrice-netcore-app-67b5c6675c-b4jfn,2026-09-15 13:56:01+00:00,android
127050,1f894cab868b116f,2026-09-15 01:39:12.600000+00:00,5be930b6-83c3-42b9-a401-dba18fc1f458,180.188.172.244,or.poi.get-details,,,,"{'list': array([{'item': {'List': 0, 'Param': 'CityID', 'Value': '0'}},
       {'item': {'List': 0, 'Param': 'POIID', 'Value': '897086'}},
       {'item': {'List': 0, 'Param': 'poiTypeId', 'Value': '0'}},
       {'item': {'List': 0, 'Param': 'Sr', 'Value': 'search_history'}},
       {'item': {'List': 0, 'Param': 'Lang', 'Value': 'zh_HK'}},
       {'item': {'List': 0, 'Param': 'Ver', 'Value': '7.20.4'}},
       {'item': {'List': 0, 'Param': 'sn', 'Value': 'hk.Search.layer'}}],
      dtype=object)}",CityID:0;POIID:897086;poiTypeId:0;Sr:search_history;Lang:zh_HK;Ver:7.20.4; sn:hk.Search.layer,Events,Openrice_Android/7.20.4 (Android; 36) [SM-S9480];Lang:zh-HK,OpenRice,production-orga-openrice-netcore-app-67b5c6675c-b4jfn,2026-09-15 13:56:01+00:00,android
127050,1f894cab868b116f,2026-09-15 01:39:12.600000+00:00,5be930b6-83c3-42b9-a401-dba18fc1f458,180.188.172.244,or.poi.get-overview,,,,"{'list': array([{'item': {'List': 0, 'Param': 'CityID', 'Value': '0'}},
       {'item': {'List': 0, 'Param': 'POIID', 'Value': '897086'}},
       {'item': {'List': 0, 'Param': 'poiTypeId', 'Value': '0'}},
       {'item': {'List': 0, 'Param': 'Lang', 'Value': 'zh_HK'}},
       {'item': {'List': 0, 'Param': 'Ver', 'Value': '7.20.4'}},
       {'item': {'List': 0, 'Param': 'sn', 'Value': 'hk.Search.layer'}}],
      dtype=object)}",CityID:0;POIID:897086;poiTypeId:0;Lang:zh_HK;Ver:7.20.4; sn:hk.Search.layer,Events,Openrice_Android/7.20.4 (Android; 36) [SM-S9480];Lang:zh-HK,OpenRice,production-orga-openrice-netcore-app-67b5c6675c-b4jfn,2026-09-15 13:56:01+00:00,android
127050,1f894cab868b116f,2026-09-15 01:39:13.500000+00:00,5be930b6-83c3-42b9-a401-dba18fc1f458,180.188.172.244,or.search.layer.record,,,,"{'list': array([{'item': {'List': 0, 'Param': 'CityId', 'Value': '0'}},
       {'item': {'List': 0, 'Param': 'Lang', 'Value': 'zh_HK'}},
       {'item': {'List': 0, 'Param': 'Ver', 'Value': '7.20.4'}},
       {'item': {'List': 0, 'Param': 'sn', 'Value': 'hk.Search.layer'}}],
      dtype=object)}",CityId:0;Lang:zh_HK;Ver:7.20.4; sn:hk.Search.layer,Events,Openrice_Android/7.20.4 (Android; 36) [SM-S9480];Lang:zh-HK,OpenRice,production-orga-openrice-netcore-app-67b5c6675c-b4jfn,2026-09-15 13:55:01+00:00,android
127050,1f894cab868b116f,2026-09-15 01:39:13.600000+00:00,5be930b6-83c3-42b9-a401-dba18fc1f458,180.188.172.244,or.poi.get-details,,,,"{'list': array([{'item': {'List': 0, 'Param': 'CityID', 'Value': '0'}},
       {'item': {'List': 0, 'Param': 'POIID', 'Value': '897086'}},
       {'item': {'List': 0, 'Param': 'poiTypeId', 'Value': '0'}},
       {'item': {'List': 0, 'Param': 'Sr', 'Value': 'search_history'}},
       {'item': {'List': 0, 'Param': 'Lang', 'Value': 'zh_HK'}},
       {'item': {'List': 0, 'Param': 'Ver', 'Value': '7.20.4'}},
       {'item': {'List': 0, 'Param': 'sn', 'Value': 'hk.Search.layer'}}],
      dtype=object)}",CityID:0;POIID:897086;poiTypeId:0;Sr:search_history;Lang:zh_HK;Ver:7.20.4; sn:hk.Search.layer,Events,Openrice_Android/7.20.4 (Android; 36) [SM-S9480];Lang:zh-HK,OpenRice,production-orga-openrice-netcore-app-67b5c6675c-b4jfn,2026-09-15 13:55:01+00:00,android
127050,1f894cab868b116f,2026-09-15 01:39:13.600000+00:00,5be930b6-83c3-42b9-a401-dba18fc1f458,180.188.172.244,or.poi.get-overview,,,,"{'list': array([{'item': {'List': 0, 'Param': 'CityID', 'Value': '0'}},
       {'item': {'List': 0, 'Param': 'POIID', 'Value': '897086'}},
       {'item': {'List': 0, 'Param': 'poiTypeId', 'Value': '0'}},
       {'item': {'List': 0, 'Param': 'Lang', 'Value': 'zh_HK'}},
       {'item': {'List': 0, 'Param': 'Ver', 'Value': '7.20.4'}},
       {'item': {'List': 0, 'Param': 'sn', 'Value': 'hk.Search.layer'}}],
      dtype=object)}",CityID:0;POIID:897086;poiTypeId:0;Lang:zh_HK;Ver:7.20.4; sn:hk.Search.layer,Events,Openrice_Android/7.20.4 (Android; 36) [SM-S9480];Lang:zh-HK,OpenRice,production-orga-openrice-netcore-app-67b5c6675c-b4jfn,2026-09-15 13:55:01+00:00,android
127050,1f894cab868b116f,2026-09-15 01:39:18.200000+00:00,5be930b6-83c3-42b9-a401-dba18fc1f458,180.188.172.244,or.app.resume,,,,"{'list': array([{'item': {'List': 0, 'Param': 'CityID', 'Value': '0'}},
       {'item': {'List': 0, 'Param': 'Lang', 'Value': 'zh-HK'}},
       {'item': {'List': 0, 'Param': 'Ver', 'Value': '7.20.4'}},
       {'item': {'List': 0, 'Param': 'Lang', 'Value': 'zh_HK'}},
       {'item': {'List': 0, 'Param': 'Ver', 'Value': '7.20.4'}}],
      dtype=object)}",CityID:0; Lang:zh-HK; Ver:7.20.4;Lang:zh_HK;Ver:7.20.4,Events,Openrice_Android/7.20.4 (Android; 36) [SM-S9480];Lang:zh-HK,OpenRice,production-orga-openrice-netcore-app-67b5c6675c-b4jfn,2026-09-15 13:56:01+00:00,android
127050,1f894cab868b116f,2026-09-15 01:39:19.200000+00:00,5be930b6-83c3-42b9-a401-dba18fc1f458,180.188.172.244,or.app.resume,,,,"{'list': array([{'item': {'List': 0, 'Param': 'CityID', 'Value': '0'}},
       {'item': {'List': 0, 'Param': 'Lang', 'Value': 'zh-HK'}},
       {'item': {'List': 0, 'Param': 'Ver', 'Value': '7.20.4'}},
       {'item': {'List': 0, 'Param': 'Lang', 'Value': 'zh_HK'}},
       {'item': {'List': 0, 'Param': 'Ver', 'Value': '7.20.4'}}],
      dtype=object)}",CityID:0; Lang:zh-HK; Ver:7.20.4;Lang:zh_HK;Ver:7.20.4,Events,Openrice_Android/7.20.4 (Android; 36) [SM-S9480];Lang:zh-HK,OpenRice,production-orga-openrice-netcore-app-67b5c6675c-b4jfn,2026-09-15 13:55:01+00:00,android
127050,1f894cab868b116f,2026-09-15 01:39:21+00:00,5be930b6-83c3-42b9-a401-dba18fc1f458,180.188.172.244,or.takeaway.order,,,,"{'list': array([{'item': {'List': 0, 'Param': 'POIID', 'Value': '897086'}},
       {'item': {'List': 0, 'Param': 'CityID', 'Value': '0'}},
       {'item': {'List': 0, 'Param': 'Sr', 'Value': 'sr2'}},
       {'item': {'List': 0, 'Param': 'Lang', 'Value': 'zh_HK'}},
       {'item': {'List': 0, 'Param': 'Ver', 'Value': '7.20.4'}}],
      dtype=object)}",POIID:897086; CityID:0; Sr:sr2;Lang:zh_HK;Ver:7.20.4,Events,Openrice_Android/7.20.4 (Android; 36) [SM-S9480];Lang:zh-HK,OpenRice,production-orga-openrice-netcore-app-67b5c6675c-b4jfn,2026-09-15 13:56:01+00:00,android
127050,1f894cab868b116f,2026-09-15 01:39:21.100000+00:00,5be930b6-83c3-42b9-a401-dba18fc1f458,180.188.172.244,or.poi.get-photos.food,,,,"{'list': array([{'item': {'List': 0, 'Param': 'POIID', 'Value': '897086'}},
       {'item': {'List': 0, 'Param': 'poiTypeId', 'Value': '1'}},
       {'item': {'List': 0, 'Param': 'CityID', 'Value': '0'}},
       {'item': {'List': 0, 'Param': 'Sr', 'Value': 'sr2'}},
       {'item': {'List': 0, 'Param': 'Page No.', 'Value': '1'}},
       {'item': {'List': 0, 'Param': 'PhotoTypeId', 'Value': '1'}},
       {'item': {'List': 0, 'Param': 'Lang', 'Value': 'zh_HK'}},
       {'item': {'List': 0, 'Param': 'Ver', 'Value': '7.20.4'}},
       {'item': {'List': 0, 'Param': 'sn', 'Value': 'HK.SR2.photo.food.897086'}}],
      dtype=object)}",POIID:897086; poiTypeId:1; CityID:0;Sr:sr2;Page No.:1;PhotoTypeId:1;Lang:zh_HK;Ver:7.20.4; sn:HK.SR2.photo.food.897086,Events,Openrice_Android/7.20.4 (Android; 36) [SM-S9480];Lang:zh-HK,OpenRice,production-orga-openrice-netcore-app-67b5c6675c-b4jfn,2026-09-15 13:56:01+00:00,android
127050,1f894cab868b116f,2026-09-15 01:39:22+00:00,5be930b6-83c3-42b9-a401-dba18fc1f458,180.188.172.244,or.takeaway.order,,,,"{'list': array([{'item': {'List': 0, 'Param': 'POIID', 'Value': '897086'}},
       {'item': {'List': 0, 'Param': 'CityID', 'Value': '0'}},
       {'item': {'List': 0, 'Param': 'Sr', 'Value': 'sr2'}},
       {'item': {'List': 0, 'Param': 'Lang', 'Value': 'zh_HK'}},
       {'item': {'List': 0, 'Param': 'Ver', 'Value': '7.20.4'}}],
      dtype=object)}",POIID:897086; CityID:0; Sr:sr2;Lang:zh_HK;Ver:7.20.4,Events,Openrice_Android/7.20.4 (Android; 36) [SM-S9480];Lang:zh-HK,OpenRice,production-orga-openrice-netcore-app-67b5c6675c-b4jfn,2026-09-15 13:55:01+00:00,android
127050,1f894cab868b116f,2026-09-15 01:39:22.100000+00:00,5be930b6-83c3-42b9-a401-dba18fc1f458,180.188.172.244,or.poi.get-photos.food,,,,"{'list': array([{'item': {'List': 0, 'Param': 'POIID', 'Value': '897086'}},
       {'item': {'List': 0, 'Param': 'poiTypeId', 'Value': '1'}},
       {'item': {'List': 0, 'Param': 'CityID', 'Value': '0'}},
       {'item': {'List': 0, 'Param': 'Sr', 'Value': 'sr2'}},
       {'item': {'List': 0, 'Param': 'Page No.', 'Value': '1'}},
       {'item': {'List': 0, 'Param': 'PhotoTypeId', 'Value': '1'}},
       {'item': {'List': 0, 'Param': 'Lang', 'Value': 'zh_HK'}},
       {'item': {'List': 0, 'Param': 'Ver', 'Value': '7.20.4'}},
       {'item': {'List': 0, 'Param': 'sn', 'Value': 'HK.SR2.photo.food.897086'}}],
      dtype=object)}",POIID:897086; poiTypeId:1; CityID:0;Sr:sr2;Page No.:1;PhotoTypeId:1;Lang:zh_HK;Ver:7.20.4; sn:HK.SR2.photo.food.897086,Events,Openrice_Android/7.20.4 (Android; 36) [SM-S9480];Lang:zh-HK,OpenRice,production-orga-openrice-netcore-app-67b5c6675c-b4jfn,2026-09-15 13:55:01+00:00,android
127050,1f894cab868b116f,2026-09-15 01:39:27.900000+00:00,5be930b6-83c3-42b9-a401-dba18fc1f458,180.188.172.244,poi.emenu.get-item,,,,"{'list': array([{'item': {'List': 0, 'Param': 'CityID', 'Value': '0'}},
       {'item': {'List': 0, 'Param': 'itemID', 'Value': 'ORI-43'}},
       {'item': {'List': 0, 'Param': 'Lang', 'Value': 'zh_HK'}},
       {'item': {'List': 0, 'Param': 'Ver', 'Value': '7.20.4'}}],
      dtype=object)}",CityID:0;itemID:ORI-43;Lang:zh_HK;Ver:7.20.4,Events,Openrice_Android/7.20.4 (Android; 36) [SM-S9480];Lang:zh-HK,OpenRice,production-orga-openrice-netcore-app-67b5c6675c-b4jfn,2026-09-15 13:56:01+00:00,android
127050,1f894cab868b116f,2026-09-15 01:39:28.900000+00:00,5be930b6-83c3-42b9-a401-dba18fc1f458,180.188.172.244,poi.emenu.get-item,,,,"{'list': array([{'item': {'List': 0, 'Param': 'CityID', 'Value': '0'}},
       {'item': {'List': 0, 'Param': 'itemID', 'Value': 'ORI-43'}},
       {'item': {'List': 0, 'Param': 'Lang', 'Value': 'zh_HK'}},
       {'item': {'List': 0, 'Param': 'Ver', 'Value': '7.20.4'}}],
      dtype=object)}",CityID:0;itemID:ORI-43;Lang:zh_HK;Ver:7.20.4,Events,Openrice_Android/7.20.4 (Android; 36) [SM-S9480];Lang:zh-HK,OpenRice,production-orga-openrice-netcore-app-67b5c6675c-b4jfn,2026-09-15 13:55:01+00:00,android
127050,1f894cab868b116f,2026-09-15 01:39:31.500000+00:00,5be930b6-83c3-42b9-a401-dba18fc1f458,180.188.172.244,poi.emenu.get-item,,,,"{'list': array([{'item': {'List': 0, 'Param': 'CityID', 'Value': '0'}},
       {'item': {'List': 0, 'Param': 'itemID', 'Value': 'ORI-43'}},
       {'item': {'List': 0, 'Param': 'Lang', 'Value': 'zh_HK'}},
       {'item': {'List': 0, 'Param': 'Ver', 'Value': '7.20.4'}}],
      dtype=object)}",CityID:0;itemID:ORI-43;Lang:zh_HK;Ver:7.20.4,Events,Openrice_Android/7.20.4 (Android; 36) [SM-S9480];Lang:zh-HK,OpenRice,production-orga-openrice-netcore-app-67b5c6675c-b4jfn,2026-09-15 13:56:01+00:00,android
127050,1f894cab868b116f,2026-09-15 01:39:32.500000+00:00,5be930b6-83c3-42b9-a401-dba18fc1f458,180.188.172.244,poi.emenu.get-item,,,,"{'list': array([{'item': {'List': 0, 'Param': 'CityID', 'Value': '0'}},
       {'item': {'List': 0, 'Param': 'itemID', 'Value': 'ORI-43'}},
       {'item': {'List': 0, 'Param': 'Lang', 'Value': 'zh_HK'}},
       {'item': {'List': 0, 'Param': 'Ver', 'Value': '7.20.4'}}],
      dtype=object)}",CityID:0;itemID:ORI-43;Lang:zh_HK;Ver:7.20.4,Events,Openrice_Android/7.20.4 (Android; 36) [SM-S9480];Lang:zh-HK,OpenRice,production-orga-openrice-netcore-app-67b5c6675c-b4jfn,2026-09-15 13:55:01+00:00,android
127050,1f894cab868b116f,2026-09-15 01:39:34.500000+00:00,5be930b6-83c3-42b9-a401-dba18fc1f458,180.188.172.244,poi.emenu.get-item,,,,"{'list': array([{'item': {'List': 0, 'Param': 'CityID', 'Value': '0'}},
       {'item': {'List': 0, 'Param': 'itemID', 'Value': 'ORI-47'}},
       {'item': {'List': 0, 'Param': 'Lang', 'Value': 'zh_HK'}},
       {'item': {'List': 0, 'Param': 'Ver', 'Value': '7.20.4'}}],
      dtype=object)}",CityID:0;itemID:ORI-47;Lang:zh_HK;Ver:7.20.4,Events,Openrice_Android/7.20.4 (Android; 36) [SM-S9480];Lang:zh-HK,OpenRice,production-orga-openrice-netcore-app-67b5c6675c-b4jfn,2026-09-15 13:56:01+00:00,android
127050,1f894cab868b116f,2026-09-15 01:39:35.500000+00:00,5be930b6-83c3-42b9-a401-dba18fc1f458,180.188.172.244,poi.emenu.get-item,,,,"{'list': array([{'item': {'List': 0, 'Param': 'CityID', 'Value': '0'}},
       {'item': {'List': 0, 'Param': 'itemID', 'Value': 'ORI-47'}},
       {'item': {'List': 0, 'Param': 'Lang', 'Value': 'zh_HK'}},
       {'item': {'List': 0, 'Param': 'Ver', 'Value': '7.20.4'}}],
      dtype=object)}",CityID:0;itemID:ORI-47;Lang:zh_HK;Ver:7.20.4,Events,Openrice_Android/7.20.4 (Android; 36) [SM-S9480];Lang:zh-HK,OpenRice,production-orga-openrice-netcore-app-67b5c6675c-b4jfn,2026-09-15 13:55:01+00:00,android
127050,1f894cab868b116f,2026-09-15 01:39:37.200000+00:00,5be930b6-83c3-42b9-a401-dba18fc1f458,180.188.172.244,poi.emenu.get-item,,,,"{'list': array([{'item': {'List': 0, 'Param': 'CityID', 'Value': '0'}},
       {'item': {'List': 0, 'Param': 'itemID', 'Value': 'ORI-47'}},
       {'item': {'List': 0, 'Param': 'Lang', 'Value': 'zh_HK'}},
       {'item': {'List': 0, 'Param': 'Ver', 'Value': '7.20.4'}}],
      dtype=object)}",CityID:0;itemID:ORI-47;Lang:zh_HK;Ver:7.20.4,Events,Openrice_Android/7.20.4 (Android; 36) [SM-S9480];Lang:zh-HK,OpenRice,production-orga-openrice-netcore-app-67b5c6675c-b4jfn,2026-09-15 13:56:01+00:00,android
127050,1f894cab868b116f,2026-09-15 01:39:38.200000+00:00,5be930b6-83c3-42b9-a401-dba18fc1f458,180.188.172.244,poi.emenu.get-item,,,,"{'list': array([{'item': {'List': 0, 'Param': 'CityID', 'Value': '0'}},
       {'item': {'List': 0, 'Param': 'itemID', 'Value': 'ORI-47'}},
       {'item': {'List': 0, 'Param': 'Lang', 'Value': 'zh_HK'}},
       {'item': {'List': 0, 'Param': 'Ver', 'Value': '7.20.4'}}],
      dtype=object)}",CityID:0;itemID:ORI-47;Lang:zh_HK;Ver:7.20.4,Events,Openrice_Android/7.20.4 (Android; 36) [SM-S9480];Lang:zh-HK,OpenRice,production-orga-openrice-netcore-app-67b5c6675c-b4jfn,2026-09-15 13:55:01+00:00,android
127050,1f894cab868b116f,2026-09-15 01:39:44.300000+00:00,5be930b6-83c3-42b9-a401-dba18fc1f458,180.188.172.244,poi.emenu.get-item,,,,"{'list': array([{'item': {'List': 0, 'Param': 'CityID', 'Value': '0'}},
       {'item': {'List': 0, 'Param': 'itemID', 'Value': 'ORI-58'}},
       {'item': {'List': 0, 'Param': 'Lang', 'Value': 'zh_HK'}},
       {'item': {'List': 0, 'Param': 'Ver', 'Value': '7.20.4'}}],
      dtype=object)}",CityID:0;itemID:ORI-58;Lang:zh_HK;Ver:7.20.4,Events,Openrice_Android/7.20.4 (Android; 36) [SM-S9480];Lang:zh-HK,OpenRice,production-orga-openrice-netcore-app-67b5c6675c-b4jfn,2026-09-15 13:56:01+00:00,android
127050,1f894cab868b116f,2026-09-15 01:39:45.300000+00:00,5be930b6-83c3-42b9-a401-dba18fc1f458,180.188.172.244,poi.emenu.get-item,,,,"{'list': array([{'item': {'List': 0, 'Param': 'CityID', 'Value': '0'}},
       {'item': {'List': 0, 'Param': 'itemID', 'Value': 'ORI-58'}},
       {'item': {'List': 0, 'Param': 'Lang', 'Value': 'zh_HK'}},
       {'item': {'List': 0, 'Param': 'Ver', 'Value': '7.20.4'}}],
      dtype=object)}",CityID:0;itemID:ORI-58;Lang:zh_HK;Ver:7.20.4,Events,Openrice_Android/7.20.4 (Android; 36) [SM-S9480];Lang:zh-HK,OpenRice,production-orga-openrice-netcore-app-67b5c6675c-b4jfn,2026-09-15 13:55:01+00:00,android
127050,1f894cab868b116f,2026-09-15 01:39:46.700000+00:00,5be930b6-83c3-42b9-a401-dba18fc1f458,180.188.172.244,poi.emenu.get-item,,,,"{'list': array([{'item': {'List': 0, 'Param': 'CityID', 'Value': '0'}},
       {'item': {'List': 0, 'Param': 'itemID', 'Value': 'ORI-58'}},
       {'item': {'List': 0, 'Param': 'Lang', 'Value': 'zh_HK'}},
       {'item': {'List': 0, 'Param': 'Ver', 'Value': '7.20.4'}}],
      dtype=object)}",CityID:0;itemID:ORI-58;Lang:zh_HK;Ver:7.20.4,Events,Openrice_Android/7.20.4 (Android; 36) [SM-S9480];Lang:zh-HK,OpenRice,production-orga-openrice-netcore-app-67b5c6675c-b4jfn,2026-09-15 13:56:01+00:00,android
127050,1f894cab868b116f,2026-09-15 01:39:47.700000+00:00,5be930b6-83c3-42b9-a401-dba18fc1f458,180.188.172.244,poi.emenu.get-item,,,,"{'list': array([{'item': {'List': 0, 'Param': 'CityID', 'Value': '0'}},
       {'item': {'List': 0, 'Param': 'itemID', 'Value': 'ORI-58'}},
       {'item': {'List': 0, 'Param': 'Lang', 'Value': 'zh_HK'}},
       {'item': {'List': 0, 'Param': 'Ver', 'Value': '7.20.4'}}],
      dtype=object)}",CityID:0;itemID:ORI-58;Lang:zh_HK;Ver:7.20.4,Events,Openrice_Android/7.20.4 (Android; 36) [SM-S9480];Lang:zh-HK,OpenRice,production-orga-openrice-netcore-app-67b5c6675c-b4jfn,2026-09-15 13:55:01+00:00,android
127050,1f894cab868b116f,2026-09-15 01:39:52.100000+00:00,5be930b6-83c3-42b9-a401-dba18fc1f458,180.188.172.244,poi.emenu.get-item,,,,"{'list': array([{'item': {'List': 0, 'Param': 'CityID', 'Value': '0'}},
       {'item': {'List': 0, 'Param': 'itemID', 'Value': 'ORI-64'}},
       {'item': {'List': 0, 'Param': 'Lang', 'Value': 'zh_HK'}},
       {'item': {'List': 0, 'Param': 'Ver', 'Value': '7.20.4'}}],
      dtype=object)}",CityID:0;itemID:ORI-64;Lang:zh_HK;Ver:7.20.4,Events,Openrice_Android/7.20.4 (Android; 36) [SM-S9480];Lang:zh-HK,OpenRice,production-orga-openrice-netcore-app-67b5c6675c-b4jfn,2026-09-15 13:56:01+00:00,android
127050,1f894cab868b116f,2026-09-15 01:39:53.100000+00:00,5be930b6-83c3-42b9-a401-dba18fc1f458,180.188.172.244,poi.emenu.get-item,,,,"{'list': array([{'item': {'List': 0, 'Param': 'CityID', 'Value': '0'}},
       {'item': {'List': 0, 'Param': 'itemID', 'Value': 'ORI-64'}},
       {'item': {'List': 0, 'Param': 'Lang', 'Value': 'zh_HK'}},
       {'item': {'List': 0, 'Param': 'Ver', 'Value': '7.20.4'}}],
      dtype=object)}",CityID:0;itemID:ORI-64;Lang:zh_HK;Ver:7.20.4,Events,Openrice_Android/7.20.4 (Android; 36) [SM-S9480];Lang:zh-HK,OpenRice,production-orga-openrice-netcore-app-67b5c6675c-b4jfn,2026-09-15 13:55:01+00:00,android
127050,1f894cab868b116f,2026-09-15 01:39:55+00:00,5be930b6-83c3-42b9-a401-dba18fc1f458,180.188.172.244,poi.emenu.get-item,,,,"{'list': array([{'item': {'List': 0, 'Param': 'CityID', 'Value': '0'}},
       {'item': {'List': 0, 'Param': 'itemID', 'Value': 'ORI-67'}},
       {'item': {'List': 0, 'Param': 'Lang', 'Value': 'zh_HK'}},
       {'item': {'List': 0, 'Param': 'Ver', 'Value': '7.20.4'}}],
      dtype=object)}",CityID:0;itemID:ORI-67;Lang:zh_HK;Ver:7.20.4,Events,Openrice_Android/7.20.4 (Android; 36) [SM-S9480];Lang:zh-HK,OpenRice,production-orga-openrice-netcore-app-67b5c6675c-b4jfn,2026-09-15 13:56:01+00:00,android
127050,1f894cab868b116f,2026-09-15 01:39:56+00:00,5be930b6-83c3-42b9-a401-dba18fc1f458,180.188.172.244,poi.emenu.get-item,,,,"{'list': array([{'item': {'List': 0, 'Param': 'CityID', 'Value': '0'}},
       {'item': {'List': 0, 'Param': 'itemID', 'Value': 'ORI-67'}},
       {'item': {'List': 0, 'Param': 'Lang', 'Value': 'zh_HK'}},
       {'item': {'List': 0, 'Param': 'Ver', 'Value': '7.20.4'}}],
      dtype=object)}",CityID:0;itemID:ORI-67;Lang:zh_HK;Ver:7.20.4,Events,Openrice_Android/7.20.4 (Android; 36) [SM-S9480];Lang:zh-HK,OpenRice,production-orga-openrice-netcore-app-67b5c6675c-b4jfn,2026-09-15 13:55:01+00:00,android
127050,1f894cab868b116f,2026-09-15 01:39:58.300000+00:00,5be930b6-83c3-42b9-a401-dba18fc1f458,180.188.172.244,poi.emenu.get-item,,,,"{'list': array([{'item': {'List': 0, 'Param': 'CityID', 'Value': '0'}},
       {'item': {'List': 0, 'Param': 'itemID', 'Value': 'ORI-67'}},
       {'item': {'List': 0, 'Param': 'Lang', 'Value': 'zh_HK'}},
       {'item': {'List': 0, 'Param': 'Ver', 'Value': '7.20.4'}}],
      dtype=object)}",CityID:0;itemID:ORI-67;Lang:zh_HK;Ver:7.20.4,Events,Openrice_Android/7.20.4 (Android; 36) [SM-S9480];Lang:zh-HK,OpenRice,production-orga-openrice-netcore-app-67b5c6675c-b4jfn,2026-09-15 13:56:01+00:00,android
127050,1f894cab868b116f,2026-09-15 01:39:59.300000+00:00,5be930b6-83c3-42b9-a401-dba18fc1f458,180.188.172.244,poi.emenu.get-item,,,,"{'list': array([{'item': {'List': 0, 'Param': 'CityID', 'Value': '0'}},
       {'item': {'List': 0, 'Param': 'itemID', 'Value': 'ORI-67'}},
       {'item': {'List': 0, 'Param': 'Lang', 'Value': 'zh_HK'}},
       {'item': {'List': 0, 'Param': 'Ver', 'Value': '7.20.4'}}],
      dtype=object)}",CityID:0;itemID:ORI-67;Lang:zh_HK;Ver:7.20.4,Events,Openrice_Android/7.20.4 (Android; 36) [SM-S9480];Lang:zh-HK,OpenRice,production-orga-openrice-netcore-app-67b5c6675c-b4jfn,2026-09-15 13:55:01+00:00,android
127050,1f894cab868b116f,2026-09-15 01:40:01.600000+00:00,5be930b6-83c3-42b9-a401-dba18fc1f458,180.188.172.244,poi.emenu.get-item,,,,"{'list': array([{'item': {'List': 0, 'Param': 'CityID', 'Value': '0'}},
       {'item': {'List': 0, 'Param': 'itemID', 'Value': 'ORI-70'}},
       {'item': {'List': 0, 'Param': 'Lang', 'Value': 'zh_HK'}},
       {'item': {'List': 0, 'Param': 'Ver', 'Value': '7.20.4'}}],
      dtype=object)}",CityID:0;itemID:ORI-70;Lang:zh_HK;Ver:7.20.4,Events,Openrice_Android/7.20.4 (Android; 36) [SM-S9480];Lang:zh-HK,OpenRice,production-orga-openrice-netcore-app-67b5c6675c-b4jfn,2026-09-15 13:56:01+00:00,android
127050,1f894cab868b116f,2026-09-15 01:40:02.600000+00:00,5be930b6-83c3-42b9-a401-dba18fc1f458,180.188.172.244,poi.emenu.get-item,,,,"{'list': array([{'item': {'List': 0, 'Param': 'CityID', 'Value': '0'}},
       {'item': {'List': 0, 'Param': 'itemID', 'Value': 'ORI-70'}},
       {'item': {'List': 0, 'Param': 'Lang', 'Value': 'zh_HK'}},
       {'item': {'List': 0, 'Param': 'Ver', 'Value': '7.20.4'}}],
      dtype=object)}",CityID:0;itemID:ORI-70;Lang:zh_HK;Ver:7.20.4,Events,Openrice_Android/7.20.4 (Android; 36) [SM-S9480];Lang:zh-HK,OpenRice,production-orga-openrice-netcore-app-67b5c6675c-b4jfn,2026-09-15 13:55:01+00:00,android
127050,1f894cab868b116f,2026-09-15 01:40:04+00:00,5be930b6-83c3-42b9-a401-dba18fc1f458,180.188.172.244,poi.emenu.get-item,,,,"{'list': array([{'item': {'List': 0, 'Param': 'CityID', 'Value': '0'}},
       {'item': {'List': 0, 'Param': 'itemID', 'Value': 'ORI-70'}},
       {'item': {'List': 0, 'Param': 'Lang', 'Value': 'zh_HK'}},
       {'item': {'List': 0, 'Param': 'Ver', 'Value': '7.20.4'}}],
      dtype=object)}",CityID:0;itemID:ORI-70;Lang:zh_HK;Ver:7.20.4,Events,Openrice_Android/7.20.4 (Android; 36) [SM-S9480];Lang:zh-HK,OpenRice,production-orga-openrice-netcore-app-67b5c6675c-b4jfn,2026-09-15 13:56:01+00:00,android
127050,1f894cab868b116f,2026-09-15 01:40:05+00:00,5be930b6-83c3-42b9-a401-dba18fc1f458,180.188.172.244,poi.emenu.get-item,,,,"{'list': array([{'item': {'List': 0, 'Param': 'CityID', 'Value': '0'}},
       {'item': {'List': 0, 'Param': 'itemID', 'Value': 'ORI-70'}},
       {'item': {'List': 0, 'Param': 'Lang', 'Value': 'zh_HK'}},
       {'item': {'List': 0, 'Param': 'Ver', 'Value': '7.20.4'}}],
      dtype=object)}",CityID:0;itemID:ORI-70;Lang:zh_HK;Ver:7.20.4,Events,Openrice_Android/7.20.4 (Android; 36) [SM-S9480];Lang:zh-HK,OpenRice,production-orga-openrice-netcore-app-67b5c6675c-b4jfn,2026-09-15 13:55:01+00:00,android
127050,1f894cab868b116f,2026-09-15 01:40:19.800000+00:00,5be930b6-83c3-42b9-a401-dba18fc1f458,180.188.172.244,or.takeaway.checkout,,,,"{'list': array([{'item': {'List': 0, 'Param': 'CityID', 'Value': '0'}},
       {'item': {'List': 0, 'Param': 'POIID', 'Value': '897086'}},
       {'item': {'List': 0, 'Param': 'Sr', 'Value': 'menu'}},
       {'item': {'List': 0, 'Param': 'Lang', 'Value': 'zh_HK'}},
       {'item': {'List': 0, 'Param': 'Ver', 'Value': '7.20.4'}}],
      dtype=object)}",CityID:0; POIID:897086; Sr:menu;Lang:zh_HK;Ver:7.20.4,Events,Openrice_Android/7.20.4 (Android; 36) [SM-S9480];Lang:zh-HK,OpenRice,production-orga-openrice-netcore-app-67b5c6675c-b4jfn,2026-09-15 13:56:01+00:00,android
127050,1f894cab868b116f,2026-09-15 01:40:20.800000+00:00,5be930b6-83c3-42b9-a401-dba18fc1f458,180.188.172.244,or.takeaway.checkout,,,,"{'list': array([{'item': {'List': 0, 'Param': 'CityID', 'Value': '0'}},
       {'item': {'List': 0, 'Param': 'POIID', 'Value': '897086'}},
       {'item': {'List': 0, 'Param': 'Sr', 'Value': 'menu'}},
       {'item': {'List': 0, 'Param': 'Lang', 'Value': 'zh_HK'}},
       {'item': {'List': 0, 'Param': 'Ver', 'Value': '7.20.4'}}],
      dtype=object)}",CityID:0; POIID:897086; Sr:menu;Lang:zh_HK;Ver:7.20.4,Events,Openrice_Android/7.20.4 (Android; 36) [SM-S9480];Lang:zh-HK,OpenRice,production-orga-openrice-netcore-app-67b5c6675c-b4jfn,2026-09-15 13:55:01+00:00,android
127050,1f894cab868b116f,2026-09-15 01:40:27.800000+00:00,5be930b6-83c3-42b9-a401-dba18fc1f458,180.188.172.244,or.takeaway.place-order,,,,"{'list': array([{'item': {'List': 0, 'Param': 'CityID', 'Value': '0'}},
       {'item': {'List': 0, 'Param': 'POIID', 'Value': '897086'}},
       {'item': {'List': 0, 'Param': 'Sr', 'Value': 'checkout'}},
       {'item': {'List': 0, 'Param': 'Lang', 'Value': 'zh_HK'}},
       {'item': {'List': 0, 'Param': 'Ver', 'Value': '7.20.4'}}],
      dtype=object)}",CityID:0; POIID:897086 ; Sr:checkout;;Lang:zh_HK;Ver:7.20.4,Events,Openrice_Android/7.20.4 (Android; 36) [SM-S9480];Lang:zh-HK,OpenRice,production-orga-openrice-netcore-app-67b5c6675c-b4jfn,2026-09-15 13:56:01+00:00,android
127050,1f894cab868b116f,2026-09-15 01:40:28.800000+00:00,5be930b6-83c3-42b9-a401-dba18fc1f458,180.188.172.244,or.takeaway.place-order,,,,"{'list': array([{'item': {'List': 0, 'Param': 'CityID', 'Value': '0'}},
       {'item': {'List': 0, 'Param': 'POIID', 'Value': '897086'}},
       {'item': {'List': 0, 'Param': 'Sr', 'Value': 'checkout'}},
       {'item': {'List': 0, 'Param': 'Lang', 'Value': 'zh_HK'}},
       {'item': {'List': 0, 'Param': 'Ver', 'Value': '7.20.4'}}],
      dtype=object)}",CityID:0; POIID:897086 ; Sr:checkout;;Lang:zh_HK;Ver:7.20.4,Events,Openrice_Android/7.20.4 (Android; 36) [SM-S9480];Lang:zh-HK,OpenRice,production-orga-openrice-netcore-app-67b5c6675c-b4jfn,2026-09-15 13:55:01+00:00,android
127050,1f894cab868b116f,2026-09-15 01:40:36.900000+00:00,5be930b6-83c3-42b9-a401-dba18fc1f458,180.188.172.244,or.takeaway.pay,,,,"{'list': array([{'item': {'List': 0, 'Param': 'CityId', 'Value': '0'}},
       {'item': {'List': 0, 'Param': 'POIID', 'Value': '897086'}},
       {'item': {'List': 0, 'Param': 'Sr', 'Value': 'payment'}},
       {'item': {'List': 0, 'Param': 'Lang', 'Value': 'zh_HK'}},
       {'item': {'List': 0, 'Param': 'Ver', 'Value': '7.20.4'}}],
      dtype=object)}",CityId:0; POIID:897086; Sr:payment;;Lang:zh_HK;Ver:7.20.4,Events,Openrice_Android/7.20.4 (Android; 36) [SM-S9480];Lang:zh-HK,OpenRice,production-orga-openrice-netcore-app-67b5c6675c-b4jfn,2026-09-15 13:56:01+00:00,android
127050,1f894cab868b116f,2026-09-15 01:40:37.900000+00:00,5be930b6-83c3-42b9-a401-dba18fc1f458,180.188.172.244,or.takeaway.pay,,,,"{'list': array([{'item': {'List': 0, 'Param': 'CityId', 'Value': '0'}},
       {'item': {'List': 0, 'Param': 'POIID', 'Value': '897086'}},
       {'item': {'List': 0, 'Param': 'Sr', 'Value': 'payment'}},
       {'item': {'List': 0, 'Param': 'Lang', 'Value': 'zh_HK'}},
       {'item': {'List': 0, 'Param': 'Ver', 'Value': '7.20.4'}}],
      dtype=object)}",CityId:0; POIID:897086; Sr:payment;;Lang:zh_HK;Ver:7.20.4,Events,Openrice_Android/7.20.4 (Android; 36) [SM-S9480];Lang:zh-HK,OpenRice,production-orga-openrice-netcore-app-67b5c6675c-b4jfn,2026-09-15 13:55:01+00:00,android
925466,e5f59098851843a7,2026-09-15 06:50:04.300000+00:00,d9350e8f-1354-48b2-9808-6985b454a9c8,203.160.86.12,or.app.start,,,,"{'list': array([{'item': {'List': 0, 'Param': 'CityID', 'Value': '0'}},
       {'item': {'List': 0, 'Param': 'Lang', 'Value': 'zh-HK'}},
       {'item': {'List': 0, 'Param': 'Ver', 'Value': '7.20.4'}},
       {'item': {'List': 0, 'Param': 'Device', 'Value': 'm3q'}},
       {'item': {'List': 0, 'Param': 'Lang', 'Value': 'zh_HK'}},
       {'item': {'List': 0, 'Param': 'Ver', 'Value': '7.20.4'}}],
      dtype=object)}",CityID:0; Lang:zh-HK; Ver:7.20.4; Device:m3q;Lang:zh_HK;Ver:7.20.4,Events,Openrice_Android/7.20.4 (Android; 36) [SM-S9480];Lang:zh-HK,OpenRice,production-orga-openrice-netcore-app-67b5c6675c-9plj9,2026-09-15 06:29:01+00:00,android
925466,e5f59098851843a7,2026-09-15 06:50:04.400000+00:00,d9350e8f-1354-48b2-9808-6985b454a9c8,203.160.86.12,or.app.start,,,,"{'list': array([{'item': {'List': 0, 'Param': 'CityID', 'Value': '0'}},
       {'item': {'List': 0, 'Param': 'Lang', 'Value': 'zh-HK'}},
       {'item': {'List': 0, 'Param': 'Ver', 'Value': '7.20.4'}},
       {'item': {'List': 0, 'Param': 'Device', 'Value': 'm3q'}},
       {'item': {'List': 0, 'Param': 'Lang', 'Value': 'zh_HK'}},
       {'item': {'List': 0, 'Param': 'Ver', 'Value': '7.20.4'}}],
      dtype=object)}",CityID:0; Lang:zh-HK; Ver:7.20.4; Device:m3q;Lang:zh_HK;Ver:7.20.4,Events,Openrice_Android/7.20.4 (Android; 36) [SM-S9480];Lang:zh-HK,OpenRice,production-orga-openrice-netcore-app-67b5c6675c-9plj9,2026-09-15 06:29:01+00:00,android
925466,e5f59098851843a7,2026-09-15 06:50:07.600000+00:00,d9350e8f-1354-48b2-9808-6985b454a9c8,203.160.86.12,or.search.layer,,,,"{'list': array([{'item': {'List': 0, 'Param': 'CityID', 'Value': '0'}},
       {'item': {'List': 0, 'Param': 'Lang', 'Value': 'zh_HK'}},
       {'item': {'List': 0, 'Param': 'Ver', 'Value': '7.20.4'}},
       {'item': {'List': 0, 'Param': 'sn', 'Value': 'hk.QckSearch'}}],
      dtype=object)}",CityID:0;Lang:zh_HK;Ver:7.20.4; sn:hk.QckSearch,Events,Openrice_Android/7.20.4 (Android; 36) [SM-S9480];Lang:zh-HK,OpenRice,production-orga-openrice-netcore-app-67b5c6675c-9plj9,2026-09-15 06:30:01+00:00,android
925466,e5f59098851843a7,2026-09-15 06:50:07.600000+00:00,d9350e8f-1354-48b2-9808-6985b454a9c8,203.160.86.12,or.qcksearch,,,,"{'list': array([{'item': {'List': 0, 'Param': 'CityID', 'Value': '0'}},
       {'item': {'List': 0, 'Param': 'Lang', 'Value': 'zh_HK'}},
       {'item': {'List': 0, 'Param': 'Ver', 'Value': '7.20.4'}},
       {'item': {'List': 0, 'Param': 'sn', 'Value': 'hk.Home'}}],
      dtype=object)}",CityID:0;Lang:zh_HK;Ver:7.20.4; sn:hk.Home,Events,Openrice_Android/7.20.4 (Android; 36) [SM-S9480];Lang:zh-HK,OpenRice,production-orga-openrice-netcore-app-67b5c6675c-9plj9,2026-09-15 06:30:01+00:00,android
925466,e5f59098851843a7,2026-09-15 06:50:10.400000+00:00,d9350e8f-1354-48b2-9808-6985b454a9c8,203.160.86.12,or.search.layer,,,,"{'list': array([{'item': {'List': 0, 'Param': 'CityID', 'Value': '0'}},
       {'item': {'List': 0, 'Param': 'Lang', 'Value': 'zh_HK'}},
       {'item': {'List': 0, 'Param': 'Ver', 'Value': '7.20.4'}},
       {'item': {'List': 0, 'Param': 'sn', 'Value': 'hk.QckSearch'}}],
      dtype=object)}",CityID:0;Lang:zh_HK;Ver:7.20.4; sn:hk.QckSearch,Events,Openrice_Android/7.20.4 (Android; 36) [SM-S9480];Lang:zh-HK,OpenRice,production-orga-openrice-netcore-app-67b5c6675c-9plj9,2026-09-15 06:30:01+00:00,android
925466,e5f59098851843a7,2026-09-15 06:50:20.300000+00:00,d9350e8f-1354-48b2-9808-6985b454a9c8,203.160.86.12,or.search.layer.tips,Chain,,,"{'list': array([{'item': {'List': 0, 'Param': 'CityID', 'Value': '0'}},
       {'item': {'List': 0, 'Param': 'geo', 'Value': '22.3723342,114.1789082'}},
       {'item': {'List': 0, 'Param': 'Page', 'Value': '1'}},
       {'item': {'List': 0, 'Param': 'sr', 'Value': ''}},
       {'item': {'List': 0, 'Param': 'ChainID', 'Value': '10007568'}},
       {'item': {'List': 0, 'Param': 'Lang', 'Value': 'zh_HK'}},
       {'item': {'List': 0, 'Param': 'Ver', 'Value': '7.20.4'}},
       {'item': {'List': 0, 'Param': 'sn', 'Value': 'hk.Search.layer'}}],
      dtype=object)}","CityID:0;geo:22.3723342,114.1789082;Page:1;sr:;ChainID:10007568;Lang:zh_HK;Ver:7.20.4; sn:hk.Search.layer",Events,Openrice_Android/7.20.4 (Android; 36) [SM-S9480];Lang:zh-HK,OpenRice,production-orga-openrice-netcore-app-67b5c6675c-j2lhc,2026-09-15 06:29:01+00:00,android
925466,e5f59098851843a7,2026-09-15 06:50:21.400000+00:00,d9350e8f-1354-48b2-9808-6985b454a9c8,203.160.86.12,impression.poi,,,,"{'list': array([{'item': {'List': 0, 'Param': 'CityID', 'Value': '0'}},
       {'item': {'List': 0, 'Param': 'POIID', 'Value': '875173'}},
       {'item': {'List': 0, 'Param': 'Type', 'Value': 'General'}},
       {'item': {'List': 0, 'Param': 'poiTypeId', 'Value': '1'}},
       {'item': {'List': 0, 'Param': 'Sr', 'Value': '2'}},
       {'item': {'List': 0, 'Param': 'Lang', 'Value': 'zh_HK'}},
       {'item': {'List': 0, 'Param': 'Ver', 'Value': '7.20.4'}},
       {'item': {'List': 0, 'Param': 'sn', 'Value': 'hk.Search.SR1.1'}}],
      dtype=object)}",CityID:0; POIID:875173; Type:General; poiTypeId:1; Sr:2;Lang:zh_HK;Ver:7.20.4; sn:hk.Search.SR1.1,Events,Openrice_Android/7.20.4 (Android; 36) [SM-S9480];Lang:zh-HK,OpenRice,production-orga-openrice-netcore-app-67b5c6675c-j2lhc,2026-09-15 06:29:01+00:00,android
925466,e5f59098851843a7,2026-09-15 06:50:21.400000+00:00,d9350e8f-1354-48b2-9808-6985b454a9c8,203.160.86.12,impression.poi,,,,"{'list': array([{'item': {'List': 0, 'Param': 'CityID', 'Value': '0'}},
       {'item': {'List': 0, 'Param': 'POIID', 'Value': '1140002'}},
       {'item': {'List': 0, 'Param': 'Type', 'Value': 'General'}},
       {'item': {'List': 0, 'Param': 'poiTypeId', 'Value': '1'}},
       {'item': {'List': 0, 'Param': 'Sr', 'Value': '2'}},
       {'item': {'List': 0, 'Param': 'Lang', 'Value': 'zh_HK'}},
       {'item': {'List': 0, 'Param': 'Ver', 'Value': '7.20.4'}},
       {'item': {'List': 0, 'Param': 'sn', 'Value': 'hk.Search.SR1.1'}}],
      dtype=object)}",CityID:0; POIID:1140002; Type:General; poiTypeId:1; Sr:2;Lang:zh_HK;Ver:7.20.4; sn:hk.Search.SR1.1,Events,Openrice_Android/7.20.4 (Android; 36) [SM-S9480];Lang:zh-HK,OpenRice,production-orga-openrice-netcore-app-67b5c6675c-j2lhc,2026-09-15 06:29:01+00:00,android
925466,e5f59098851843a7,2026-09-15 06:50:34.400000+00:00,d9350e8f-1354-48b2-9808-6985b454a9c8,203.160.86.12,or.search.get-poi,,,,"{'list': array([{'item': {'List': 0, 'Param': 'POIID', 'Value': '1140002'}},
       {'item': {'List': 0, 'Param': 'poiTypeId', 'Value': '1'}},
       {'item': {'List': 0, 'Param': 'CityID', 'Value': '0'}},
       {'item': {'List': 0, 'Param': 'Sr', 'Value': 'sr1'}},
       {'item': {'List': 0, 'Param': 'Lang', 'Value': 'zh_HK'}},
       {'item': {'List': 0, 'Param': 'Ver', 'Value': '7.20.4'}},
       {'item': {'List': 0, 'Param': 'sn', 'Value': 'hk.Search.SR1.1'}}],
      dtype=object)}",POIID:1140002;poiTypeId:1; CityID:0; Sr:sr1;Lang:zh_HK;Ver:7.20.4; sn:hk.Search.SR1.1,Events,Openrice_Android/7.20.4 (Android; 36) [SM-S9480];Lang:zh-HK,OpenRice,production-orga-openrice-netcore-app-67b5c6675c-j2lhc,2026-09-15 06:29:01+00:00,android
925466,e5f59098851843a7,2026-09-15 06:50:34.400000+00:00,d9350e8f-1354-48b2-9808-6985b454a9c8,203.160.86.12,or.poi.get-details,,,,"{'list': array([{'item': {'List': 0, 'Param': 'CityID', 'Value': '0'}},
       {'item': {'List': 0, 'Param': 'POIID', 'Value': '1140002'}},
       {'item': {'List': 0, 'Param': 'poiTypeId', 'Value': '1'}},
       {'item': {'List': 0, 'Param': 'Sr', 'Value': 'sr1'}},
       {'item': {'List': 0, 'Param': 'Lang', 'Value': 'zh_HK'}},
       {'item': {'List': 0, 'Param': 'Ver', 'Value': '7.20.4'}},
       {'item': {'List': 0, 'Param': 'sn', 'Value': 'hk.Search.SR1.1'}}],
      dtype=object)}",CityID:0;POIID:1140002;poiTypeId:1;Sr:sr1;Lang:zh_HK;Ver:7.20.4; sn:hk.Search.SR1.1,Events,Openrice_Android/7.20.4 (Android; 36) [SM-S9480];Lang:zh-HK,OpenRice,production-orga-openrice-netcore-app-67b5c6675c-j2lhc,2026-09-15 06:29:01+00:00,android
925466,e5f59098851843a7,2026-09-15 06:50:34.400000+00:00,d9350e8f-1354-48b2-9808-6985b454a9c8,203.160.86.12,or.poi.get-overview,,,,"{'list': array([{'item': {'List': 0, 'Param': 'CityID', 'Value': '0'}},
       {'item': {'List': 0, 'Param': 'POIID', 'Value': '1140002'}},
       {'item': {'List': 0, 'Param': 'poiTypeId', 'Value': '1'}},
       {'item': {'List': 0, 'Param': 'Lang', 'Value': 'zh_HK'}},
       {'item': {'List': 0, 'Param': 'Ver', 'Value': '7.20.4'}},
       {'item': {'List': 0, 'Param': 'sn', 'Value': 'hk.Search.SR1.1'}}],
      dtype=object)}",CityID:0;POIID:1140002;poiTypeId:1;Lang:zh_HK;Ver:7.20.4; sn:hk.Search.SR1.1,Events,Openrice_Android/7.20.4 (Android; 36) [SM-S9480];Lang:zh-HK,OpenRice,production-orga-openrice-netcore-app-67b5c6675c-j2lhc,2026-09-15 06:29:01+00:00,android
925466,e5f59098851843a7,2026-09-15 06:50:45.200000+00:00,d9350e8f-1354-48b2-9808-6985b454a9c8,203.160.86.12,or.takeaway.order,,,,"{'list': array([{'item': {'List': 0, 'Param': 'CityID', 'Value': '0'}},
       {'item': {'List': 0, 'Param': 'POIID', 'Value': '1140002'}},
       {'item': {'List': 0, 'Param': 'PoiTypeId', 'Value': '1'}},
       {'item': {'List': 0, 'Param': 'Sr', 'Value': 'sr2Tab'}},
       {'item': {'List': 0, 'Param': 'Lang', 'Value': 'zh_HK'}},
       {'item': {'List': 0, 'Param': 'Ver', 'Value': '7.20.4'}},
       {'item': {'List': 0, 'Param': 'sn', 'Value': 'hk.SR2.overview.1140002'}}],
      dtype=object)}",CityID:0; POIID:1140002; PoiTypeId:1; Sr:sr2Tab;Lang:zh_HK;Ver:7.20.4; sn:hk.SR2.overview.1140002,Events,Openrice_Android/7.20.4 (Android; 36) [SM-S9480];Lang:zh-HK,OpenRice,production-orga-openrice-netcore-app-67b5c6675c-b4jfn,2026-09-15 06:30:01+00:00,android
925466,e5f59098851843a7,2026-09-15 06:50:45.200000+00:00,d9350e8f-1354-48b2-9808-6985b454a9c8,203.160.86.12,or.poi.get-photos.menu,,,,"{'list': array([{'item': {'List': 0, 'Param': 'POIID', 'Value': '1140002'}},
       {'item': {'List': 0, 'Param': 'poiTypeId', 'Value': '1'}},
       {'item': {'List': 0, 'Param': 'CityID', 'Value': '0'}},
       {'item': {'List': 0, 'Param': 'Sr', 'Value': 'sr2'}},
       {'item': {'List': 0, 'Param': 'Page No.', 'Value': '1'}},
       {'item': {'List': 0, 'Param': 'Lang', 'Value': 'zh_HK'}},
       {'item': {'List': 0, 'Param': 'Ver', 'Value': '7.20.4'}},
       {'item': {'List': 0, 'Param': 'sn', 'Value': 'HK.SR2.photo.menu.1140002'}}],
      dtype=object)}",POIID:1140002; poiTypeId:1; CityID:0;Sr:sr2;Page No.:1;Lang:zh_HK;Ver:7.20.4; sn:HK.SR2.photo.menu.1140002,Events,Openrice_Android/7.20.4 (Android; 36) [SM-S9480];Lang:zh-HK,OpenRice,production-orga-openrice-netcore-app-67b5c6675c-b4jfn,2026-09-15 06:30:01+00:00,android
925466,e5f59098851843a7,2026-09-15 06:51:03.400000+00:00,d9350e8f-1354-48b2-9808-6985b454a9c8,203.160.86.12,poi.emenu.get-item,,,,"{'list': array([{'item': {'List': 0, 'Param': 'CityID', 'Value': '0'}},
       {'item': {'List': 0, 'Param': 'itemID', 'Value': 'ORI-178'}},
       {'item': {'List': 0, 'Param': 'Lang', 'Value': 'zh_HK'}},
       {'item': {'List': 0, 'Param': 'Ver', 'Value': '7.20.4'}},
       {'item': {'List': 0, 'Param': 'sn', 'Value': 'HK.SR2.Menu.1140002'}}],
      dtype=object)}",CityID:0;itemID:ORI-178;Lang:zh_HK;Ver:7.20.4; sn:HK.SR2.Menu.1140002,Events,Openrice_Android/7.20.4 (Android; 36) [SM-S9480];Lang:zh-HK,OpenRice,production-orga-openrice-netcore-app-67b5c6675c-b4jfn,2026-09-15 06:30:01+00:00,android
925466,e5f59098851843a7,2026-09-15 06:51:11.300000+00:00,d9350e8f-1354-48b2-9808-6985b454a9c8,203.160.86.12,or.takeaway.checkout,,,,"{'list': array([{'item': {'List': 0, 'Param': 'CityID', 'Value': '0'}},
       {'item': {'List': 0, 'Param': 'POIID', 'Value': '1140002'}},
       {'item': {'List': 0, 'Param': 'Sr', 'Value': 'menu'}},
       {'item': {'List': 0, 'Param': 'Lang', 'Value': 'zh_HK'}},
       {'item': {'List': 0, 'Param': 'Ver', 'Value': '7.20.4'}}],
      dtype=object)}",CityID:0; POIID:1140002; Sr:menu;Lang:zh_HK;Ver:7.20.4,Events,Openrice_Android/7.20.4 (Android; 36) [SM-S9480];Lang:zh-HK,OpenRice,production-orga-openrice-netcore-app-67b5c6675c-9plj9,2026-09-15 06:30:01+00:00,android
925466,e5f59098851843a7,2026-09-15 06:52:45.300000+00:00,d9350e8f-1354-48b2-9808-6985b454a9c8,203.160.86.12,or.app.resume,,,,"{'list': array([{'item': {'List': 0, 'Param': 'CityID', 'Value': '0'}},
       {'item': {'List': 0, 'Param': 'Lang', 'Value': 'zh-HK'}},
       {'item': {'List': 0, 'Param': 'Ver', 'Value': '7.20.4'}},
       {'item': {'List': 0, 'Param': 'Lang', 'Value': 'zh_HK'}},
       {'item': {'List': 0, 'Param': 'Ver', 'Value': '7.20.4'}}],
      dtype=object)}",CityID:0; Lang:zh-HK; Ver:7.20.4;Lang:zh_HK;Ver:7.20.4,Events,Openrice_Android/7.20.4 (Android; 36) [SM-S9480];Lang:zh-HK,OpenRice,production-orga-openrice-netcore-app-67b5c6675c-b4jfn,2026-09-15 06:32:01+00:00,android
925466,e5f59098851843a7,2026-09-15 06:54:45+00:00,d9350e8f-1354-48b2-9808-6985b454a9c8,203.160.86.12,or.app.resume,,,,"{'list': array([{'item': {'List': 0, 'Param': 'CityID', 'Value': '0'}},
       {'item': {'List': 0, 'Param': 'Lang', 'Value': 'zh-HK'}},
       {'item': {'List': 0, 'Param': 'Ver', 'Value': '7.20.4'}},
       {'item': {'List': 0, 'Param': 'Lang', 'Value': 'zh_HK'}},
       {'item': {'List': 0, 'Param': 'Ver', 'Value': '7.20.4'}}],
      dtype=object)}",CityID:0; Lang:zh-HK; Ver:7.20.4;Lang:zh_HK;Ver:7.20.4,Events,Openrice_Android/7.20.4 (Android; 36) [SM-S9480];Lang:zh-HK,OpenRice,production-orga-openrice-netcore-app-67b5c6675c-9plj9,2026-09-15 06:34:01+00:00,android
925466,e5f59098851843a7,2026-09-15 06:55:04.400000+00:00,d9350e8f-1354-48b2-9808-6985b454a9c8,203.160.86.12,or.takeaway.place-order,,,,"{'list': array([{'item': {'List': 0, 'Param': 'CityID', 'Value': '0'}},
       {'item': {'List': 0, 'Param': 'POIID', 'Value': '1140002'}},
       {'item': {'List': 0, 'Param': 'Sr', 'Value': 'checkout'}},
       {'item': {'List': 0, 'Param': 'Lang', 'Value': 'zh_HK'}},
       {'item': {'List': 0, 'Param': 'Ver', 'Value': '7.20.4'}}],
      dtype=object)}",CityID:0; POIID:1140002 ; Sr:checkout;;Lang:zh_HK;Ver:7.20.4,Events,Openrice_Android/7.20.4 (Android; 36) [SM-S9480];Lang:zh-HK,OpenRice,production-orga-openrice-netcore-app-67b5c6675c-9plj9,2026-09-15 06:34:01+00:00,android
925466,e5f59098851843a7,2026-09-15 06:55:40.600000+00:00,d9350e8f-1354-48b2-9808-6985b454a9c8,203.160.86.12,or.takeaway.pay,,,,"{'list': array([{'item': {'List': 0, 'Param': 'CityId', 'Value': '0'}},
       {'item': {'List': 0, 'Param': 'POIID', 'Value': '1140002'}},
       {'item': {'List': 0, 'Param': 'Sr', 'Value': 'payment'}},
       {'item': {'List': 0, 'Param': 'Lang', 'Value': 'zh_HK'}},
       {'item': {'List': 0, 'Param': 'Ver', 'Value': '7.20.4'}}],
      dtype=object)}",CityId:0; POIID:1140002; Sr:payment;;Lang:zh_HK;Ver:7.20.4,Events,Openrice_Android/7.20.4 (Android; 36) [SM-S9480];Lang:zh-HK,OpenRice,production-orga-openrice-netcore-app-67b5c6675c-9plj9,2026-09-15 06:35:01+00:00,android
925466,e5f59098851843a7,2026-09-15 06:56:00.700000+00:00,d9350e8f-1354-48b2-9808-6985b454a9c8,203.160.86.12,or.app.resume,,,,"{'list': array([{'item': {'List': 0, 'Param': 'CityID', 'Value': '0'}},
       {'item': {'List': 0, 'Param': 'Lang', 'Value': 'zh-HK'}},
       {'item': {'List': 0, 'Param': 'Ver', 'Value': '7.20.4'}},
       {'item': {'List': 0, 'Param': 'Lang', 'Value': 'zh_HK'}},
       {'item': {'List': 0, 'Param': 'Ver', 'Value': '7.20.4'}}],
      dtype=object)}",CityID:0; Lang:zh-HK; Ver:7.20.4;Lang:zh_HK;Ver:7.20.4,Events,Openrice_Android/7.20.4 (Android; 36) [SM-S9480];Lang:zh-HK,OpenRice,production-orga-openrice-netcore-app-67b5c6675c-9plj9,2026-09-15 06:35:01+00:00,android
925466,e5f59098851843a7,2026-09-15 06:56:35.100000+00:00,d9350e8f-1354-48b2-9808-6985b454a9c8,203.160.86.12,or.app.start,,,,"{'list': array([{'item': {'List': 0, 'Param': 'CityID', 'Value': '0'}},
       {'item': {'List': 0, 'Param': 'Lang', 'Value': 'zh-HK'}},
       {'item': {'List': 0, 'Param': 'Ver', 'Value': '7.20.4'}},
       {'item': {'List': 0, 'Param': 'Device', 'Value': 'm3q'}},
       {'item': {'List': 0, 'Param': 'Lang', 'Value': 'zh_HK'}},
       {'item': {'List': 0, 'Param': 'Ver', 'Value': '7.20.4'}}],
      dtype=object)}",CityID:0; Lang:zh-HK; Ver:7.20.4; Device:m3q;Lang:zh_HK;Ver:7.20.4,Events,Openrice_Android/7.20.4 (Android; 36) [SM-S9480];Lang:zh-HK,OpenRice,production-orga-openrice-netcore-app-67b5c6675c-b4jfn,2026-09-15 06:35:01+00:00,android
925466,e5f59098851843a7,2026-09-15 06:59:59+00:00,d9350e8f-1354-48b2-9808-6985b454a9c8,42.98.65.94,or.app.start,,,,"{'list': array([{'item': {'List': 0, 'Param': 'CityID', 'Value': '0'}},
       {'item': {'List': 0, 'Param': 'Lang', 'Value': 'zh-HK'}},
       {'item': {'List': 0, 'Param': 'Ver', 'Value': '7.20.4'}},
       {'item': {'List': 0, 'Param': 'Device', 'Value': 'm3q'}},
       {'item': {'List': 0, 'Param': 'Lang', 'Value': 'zh_HK'}},
       {'item': {'List': 0, 'Param': 'Ver', 'Value': '7.20.4'}}],
      dtype=object)}",CityID:0; Lang:zh-HK; Ver:7.20.4; Device:m3q;Lang:zh_HK;Ver:7.20.4,Events,Openrice_Android/7.20.4 (Android; 36) [SM-S9480];Lang:zh-HK,OpenRice,production-orga-openrice-netcore-app-67b5c6675c-j2lhc,2026-09-15 12:34:02+00:00,android
119842,1daf763b-8da1-4b2f-b824-12d558a8ffda,2026-09-15 06:59:08.400000+00:00,,124.244.167.91,or.app.resume,,,,"{'list': array([{'item': {'List': 0, 'Param': 'CityID', 'Value': '0'}},
       {'item': {'List': 0, 'Param': 'Lang', 'Value': 'hk'}},
       {'item': {'List': 0, 'Param': 'Ver', 'Value': '7.20.5'}}],
      dtype=object)}",CityID:0;Lang:hk;Ver:7.20.5,Events,OpenRice_iOS/7.20.5 (iPhone; iOS 26.6.2);Lang:zh-HK,OpenRice,production-orga-openrice-netcore-app-67b5c6675c-b4jfn,2026-09-15 06:39:01+00:00,ios
119842,1daf763b-8da1-4b2f-b824-12d558a8ffda,2026-09-15 06:59:29.400000+00:00,,124.244.167.91,impression.poi,,,,"{'list': array([{'item': {'List': 0, 'Param': 'CityID', 'Value': '0'}},
       {'item': {'List': 0, 'Param': 'Lang', 'Value': 'hk'}},
       {'item': {'List': 0, 'Param': 'Ver', 'Value': '7.20.5'}},
       {'item': {'List': 0, 'Param': 'POIID', 'Value': '811912'}},
       {'item': {'List': 0, 'Param': 'Type', 'Value': 'General'}},
       {'item': {'List': 0, 'Param': 'sr', 'Value': '6'}},
       {'item': {'List': 0, 'Param': 'poiTypeId', 'Value': '1'}},
       {'item': {'List': 0, 'Param': 'sn', 'Value': 'HK.SR2.Overview.780669'}}],
      dtype=object)}",CityID:0;Lang:hk;Ver:7.20.5;POIID:811912;Type:General;sr:6;poiTypeId:1;sn:HK.SR2.Overview.780669,Events,OpenRice_iOS/7.20.5 (iPhone; iOS 26.6.2);Lang:zh-HK,OpenRice,production-orga-openrice-netcore-app-67b5c6675c-9plj9,2026-09-15 06:39:01+00:00,ios
119842,1daf763b-8da1-4b2f-b824-12d558a8ffda,2026-09-15 06:59:29.400000+00:00,,124.244.167.91,impression.poi,,,,"{'list': array([{'item': {'List': 0, 'Param': 'CityID', 'Value': '0'}},
       {'item': {'List': 0, 'Param': 'Lang', 'Value': 'hk'}},
       {'item': {'List': 0, 'Param': 'Ver', 'Value': '7.20.5'}},
       {'item': {'List': 0, 'Param': 'POIID', 'Value': '875905'}},
       {'item': {'List': 0, 'Param': 'Type', 'Value': 'General'}},
       {'item': {'List': 0, 'Param': 'sr', 'Value': '6'}},
       {'item': {'List': 0, 'Param': 'poiTypeId', 'Value': '1'}},
       {'item': {'List': 0, 'Param': 'sn', 'Value': 'HK.SR2.Overview.780669'}}],
      dtype=object)}",CityID:0;Lang:hk;Ver:7.20.5;POIID:875905;Type:General;sr:6;poiTypeId:1;sn:HK.SR2.Overview.780669,Events,OpenRice_iOS/7.20.5 (iPhone; iOS 26.6.2);Lang:zh-HK,OpenRice,production-orga-openrice-netcore-app-67b5c6675c-9plj9,2026-09-15 06:39:01+00:00,ios
119842,1daf763b-8da1-4b2f-b824-12d558a8ffda,2026-09-15 06:59:29.500000+00:00,,124.244.167.91,impression.poi,,,,"{'list': array([{'item': {'List': 0, 'Param': 'CityID', 'Value': '0'}},
       {'item': {'List': 0, 'Param': 'Lang', 'Value': 'hk'}},
       {'item': {'List': 0, 'Param': 'Ver', 'Value': '7.20.5'}},
       {'item': {'List': 0, 'Param': 'POIID', 'Value': '999387'}},
       {'item': {'List': 0, 'Param': 'Type', 'Value': 'General'}},
       {'item': {'List': 0, 'Param': 'sr', 'Value': '6'}},
       {'item': {'List': 0, 'Param': 'poiTypeId', 'Value': '1'}},
       {'item': {'List': 0, 'Param': 'sn', 'Value': 'HK.SR2.Overview.780669'}}],
      dtype=object)}",CityID:0;Lang:hk;Ver:7.20.5;POIID:999387;Type:General;sr:6;poiTypeId:1;sn:HK.SR2.Overview.780669,Events,OpenRice_iOS/7.20.5 (iPhone; iOS 26.6.2);Lang:zh-HK,OpenRice,production-orga-openrice-netcore-app-67b5c6675c-9plj9,2026-09-15 06:39:01+00:00,ios
119842,1daf763b-8da1-4b2f-b824-12d558a8ffda,2026-09-15 06:59:43.200000+00:00,,124.244.167.91,user.bookmark.poi,,,,"{'list': array([{'item': {'List': 0, 'Param': 'CityID', 'Value': '0'}},
       {'item': {'List': 0, 'Param': 'Lang', 'Value': 'hk'}},
       {'item': {'List': 0, 'Param': 'Ver', 'Value': '7.20.5'}},
       {'item': {'List': 0, 'Param': 'POIID', 'Value': '780669'}},
       {'item': {'List': 0, 'Param': 'poiTypeId', 'Value': '1'}},
       {'item': {'List': 0, 'Param': 'sr', 'Value': 'sr2'}},
       {'item': {'List': 0, 'Param': 'sn', 'Value': 'HK.SR2.Overview.780669'}}],
      dtype=object)}",CityID:0;Lang:hk;Ver:7.20.5;POIID:780669;poiTypeId:1;sr:sr2;sn:HK.SR2.Overview.780669,Events,OpenRice_iOS/7.20.5 (iPhone; iOS 26.6.2);Lang:zh-HK,OpenRice,production-orga-openrice-netcore-app-67b5c6675c-j2lhc,2026-09-15 06:39:01+00:00,ios
119842,1daf763b-8da1-4b2f-b824-12d558a8ffda,2026-09-15 06:59:46.600000+00:00,,124.244.167.91,or.takeaway.order,,,,"{'list': array([{'item': {'List': 0, 'Param': 'CityID', 'Value': '0'}},
       {'item': {'List': 0, 'Param': 'Lang', 'Value': 'hk'}},
       {'item': {'List': 0, 'Param': 'Ver', 'Value': '7.20.5'}},
       {'item': {'List': 0, 'Param': 'POIID', 'Value': '780669'}},
       {'item': {'List': 0, 'Param': 'sr', 'Value': 'sr2Tab'}},
       {'item': {'List': 0, 'Param': 'sn', 'Value': 'HK.Takeaway.order.780669'}}],
      dtype=object)}",CityID:0;Lang:hk;Ver:7.20.5;POIID:780669;sr:sr2Tab;sn:HK.Takeaway.order.780669,Events,OpenRice_iOS/7.20.5 (iPhone; iOS 26.6.2);Lang:zh-HK,OpenRice,production-orga-openrice-netcore-app-67b5c6675c-j2lhc,2026-09-15 06:39:01+00:00,ios
119842,1daf763b-8da1-4b2f-b824-12d558a8ffda,2026-09-15 07:02:56.500000+00:00,,124.244.167.91,or.takeaway.checkout,,,,"{'list': array([{'item': {'List': 0, 'Param': 'CityID', 'Value': '0'}},
       {'item': {'List': 0, 'Param': 'Lang', 'Value': 'hk'}},
       {'item': {'List': 0, 'Param': 'Ver', 'Value': '7.20.5'}},
       {'item': {'List': 0, 'Param': 'sr', 'Value': 'menu'}},
       {'item': {'List': 0, 'Param': 'POIID', 'Value': '780669'}},
       {'item': {'List': 0, 'Param': 'sn', 'Value': 'HK.Takeaway.order.780669'}}],
      dtype=object)}",CityID:0;Lang:hk;Ver:7.20.5;sr:menu;POIID:780669;sn:HK.Takeaway.order.780669,Events,OpenRice_iOS/7.20.5 (iPhone; iOS 26.6.2);Lang:zh-HK,OpenRice,production-orga-openrice-netcore-app-67b5c6675c-j2lhc,2026-09-15 06:42:01+00:00,ios
119842,1daf763b-8da1-4b2f-b824-12d558a8ffda,2026-09-15 07:03:54.200000+00:00,,124.244.167.91,or.takeaway.place-order,,,,"{'list': array([{'item': {'List': 0, 'Param': 'CityID', 'Value': '0'}},
       {'item': {'List': 0, 'Param': 'Lang', 'Value': 'hk'}},
       {'item': {'List': 0, 'Param': 'Ver', 'Value': '7.20.5'}},
       {'item': {'List': 0, 'Param': 'sr', 'Value': 'checkout'}},
       {'item': {'List': 0, 'Param': 'POIID', 'Value': '780669'}},
       {'item': {'List': 0, 'Param': 'PromoCode', 'Value': 'None'}},
       {'item': {'List': 0, 'Param': 'sn', 'Value': 'HK.Takeaway.checkout.780669'}}],
      dtype=object)}",CityID:0;Lang:hk;Ver:7.20.5;sr:checkout;POIID:780669;PromoCode:None;sn:HK.Takeaway.checkout.780669,Events,OpenRice_iOS/7.20.5 (iPhone; iOS 26.6.2);Lang:zh-HK,OpenRice,production-orga-openrice-netcore-app-67b5c6675c-9plj9,2026-09-15 06:43:01+00:00,ios
119842,1daf763b-8da1-4b2f-b824-12d558a8ffda,2026-09-15 07:04:03.600000+00:00,,124.244.167.91,or.takeaway.pay,,,,"{'list': array([{'item': {'List': 0, 'Param': 'CityID', 'Value': '0'}},
       {'item': {'List': 0, 'Param': 'Lang', 'Value': 'hk'}},
       {'item': {'List': 0, 'Param': 'Ver', 'Value': '7.20.5'}},
       {'item': {'List': 0, 'Param': 'sr', 'Value': 'payment'}},
       {'item': {'List': 0, 'Param': 'poiId', 'Value': '780669'}}],
      dtype=object)}",CityID:0;Lang:hk;Ver:7.20.5;sr:payment;poiId:780669,Events,OpenRice_iOS/7.20.5 (iPhone; iOS 26.6.2);Lang:zh-HK,OpenRice,production-orga-openrice-netcore-app-67b5c6675c-9plj9,2026-09-15 06:44:01+00:00,ios
119842,1daf763b-8da1-4b2f-b824-12d558a8ffda,2026-09-15 07:04:16.600000+00:00,,124.244.167.91,or.app.resume,,,,"{'list': array([{'item': {'List': 0, 'Param': 'CityID', 'Value': '0'}},
       {'item': {'List': 0, 'Param': 'Lang', 'Value': 'hk'}},
       {'item': {'List': 0, 'Param': 'Ver', 'Value': '7.20.5'}}],
      dtype=object)}",CityID:0;Lang:hk;Ver:7.20.5,Events,OpenRice_iOS/7.20.5 (iPhone; iOS 26.6.2);Lang:zh-HK,OpenRice,production-orga-openrice-netcore-app-67b5c6675c-9plj9,2026-09-15 06:44:01+00:00,ios
119842,1daf763b-8da1-4b2f-b824-12d558a8ffda,2026-09-15 07:04:43.100000+00:00,,124.244.167.91,or.app.openpush,,,,"{'list': array([{'item': {'List': 0, 'Param': 'CityID', 'Value': '0'}},
       {'item': {'List': 0, 'Param': 'Lang', 'Value': 'hk'}},
       {'item': {'List': 0, 'Param': 'Ver', 'Value': '7.20.5'}}],
      dtype=object)}",CityID:0;Lang:hk;Ver:7.20.5,Events,OpenRice_iOS/7.20.5 (iPhone; iOS 26.6.2);Lang:zh-HK,OpenRice,production-orga-openrice-netcore-app-67b5c6675c-j2lhc,2026-09-15 06:44:01+00:00,ios
119842,1daf763b-8da1-4b2f-b824-12d558a8ffda,2026-09-15 07:04:55.600000+00:00,,49.130.128.184,or.app.resume,,,,"{'list': array([{'item': {'List': 0, 'Param': 'CityID', 'Value': '0'}},
       {'item': {'List': 0, 'Param': 'Lang', 'Value': 'hk'}},
       {'item': {'List': 0, 'Param': 'Ver', 'Value': '7.20.5'}}],
      dtype=object)}",CityID:0;Lang:hk;Ver:7.20.5,Events,OpenRice_iOS/7.20.5 (iPhone; iOS 26.6.2);Lang:zh-HK,OpenRice,production-orga-openrice-netcore-app-67b5c6675c-9plj9,2026-09-15 06:56:01+00:00,ios
119842,1daf763b-8da1-4b2f-b824-12d558a8ffda,2026-09-15 07:16:11.700000+00:00,,49.130.128.184,or.app.resume,,,,"{'list': array([{'item': {'List': 0, 'Param': 'CityID', 'Value': '0'}},
       {'item': {'List': 0, 'Param': 'Lang', 'Value': 'hk'}},
       {'item': {'List': 0, 'Param': 'Ver', 'Value': '7.20.5'}}],
      dtype=object)}",CityID:0;Lang:hk;Ver:7.20.5,Events,OpenRice_iOS/7.20.5 (iPhone; iOS 26.6.2);Lang:zh-HK,OpenRice,production-orga-openrice-netcore-app-67b5c6675c-9plj9,2026-09-15 06:56:01+00:00,ios
240829,3bc6f903023545c0,2026-09-15 07:19:29.200000+00:00,cf68039a-60e7-4ea3-a79a-4a858cccdabc,124.217.188.215,or.app.start,,,,"{'list': array([{'item': {'List': 0, 'Param': 'CityID', 'Value': '0'}},
       {'item': {'List': 0, 'Param': 'Lang', 'Value': 'zh-HK'}},
       {'item': {'List': 0, 'Param': 'Ver', 'Value': '7.20.4'}},
       {'item': {'List': 0, 'Param': 'Device', 'Value': 'm3q'}},
       {'item': {'List': 0, 'Param': 'Lang', 'Value': 'zh_HK'}},
       {'item': {'List': 0, 'Param': 'Ver', 'Value': '7.20.4'}}],
      dtype=object)}",CityID:0; Lang:zh-HK; Ver:7.20.4; Device:m3q;Lang:zh_HK;Ver:7.20.4,Events,Openrice_Android/7.20.4 (Android; 36) [SM-S9480];Lang:zh-HK,OpenRice,production-orga-openrice-netcore-app-67b5c6675c-b4jfn,2026-09-15 06:59:01+00:00,android
240829,3bc6f903023545c0,2026-09-15 07:19:29.300000+00:00,cf68039a-60e7-4ea3-a79a-4a858cccdabc,124.217.188.215,or.app.start,,,,"{'list': array([{'item': {'List': 0, 'Param': 'CityID', 'Value': '0'}},
       {'item': {'List': 0, 'Param': 'Lang', 'Value': 'zh-HK'}},
       {'item': {'List': 0, 'Param': 'Ver', 'Value': '7.20.4'}},
       {'item': {'List': 0, 'Param': 'Device', 'Value': 'm3q'}},
       {'item': {'List': 0, 'Param': 'Lang', 'Value': 'zh_HK'}},
       {'item': {'List': 0, 'Param': 'Ver', 'Value': '7.20.4'}}],
      dtype=object)}",CityID:0; Lang:zh-HK; Ver:7.20.4; Device:m3q;Lang:zh_HK;Ver:7.20.4,Events,Openrice_Android/7.20.4 (Android; 36) [SM-S9480];Lang:zh-HK,OpenRice,production-orga-openrice-netcore-app-67b5c6675c-b4jfn,2026-09-15 06:59:01+00:00,android
240829,3bc6f903023545c0,2026-09-15 07:19:33.900000+00:00,cf68039a-60e7-4ea3-a79a-4a858cccdabc,124.217.188.215,or.search.themelist.takeaway,,,,"{'list': array([{'item': {'List': 0, 'Param': 'CityID', 'Value': '0'}},
       {'item': {'List': 0, 'Param': 'Sr', 'Value': 'index'}},
       {'item': {'List': 0, 'Param': 'sortFlt', 'Value': '60'}},
       {'item': {'List': 0, 'Param': 'startat', 'Value': '0'}},
       {'item': {'List': 0, 'Param': 'sortby', 'Value': '60'}},
       {'item': {'List': 0, 'Param': 'regionid', 'Value': '0'}},
       {'item': {'List': 0, 'Param': 'takeaway', 'Value': 'true'}},
       {'item': {'List': 0, 'Param': 'geo', 'Value': '22.2878715,114.2108615'}},
       {'item': {'List': 0, 'Param': 'rows', 'Value': '20'}},
       {'item': {'List': 0, 'Param': 'apientrypoint', 'Value': '21'}},
       {'item': {'List': 0, 'Param': 'Lang', 'Value': 'zh_HK'}},
       {'item': {'List': 0, 'Param': 'Ver', 'Value': '7.20.4'}}],
      dtype=object)}","CityID:0 ;Sr:index ;sortFlt:60;startat:0;sortby:60;regionid:0;takeaway:true;geo:22.2878715,114.2108615;rows:20;apientrypoint:21;Lang:zh_HK;Ver:7.20.4",Events,Openrice_Android/7.20.4 (Android; 36) [SM-S9480];Lang:zh-HK,OpenRice,production-orga-openrice-netcore-app-67b5c6675c-b4jfn,2026-09-15 06:58:01+00:00,android
240829,3bc6f903023545c0,2026-09-15 07:19:38.600000+00:00,cf68039a-60e7-4ea3-a79a-4a858cccdabc,124.217.188.215,or.takeaway.order,,,,"{'list': array([{'item': {'List': 0, 'Param': 'CityID', 'Value': '0'}},
       {'item': {'List': 0, 'Param': 'POIID', 'Value': '719933'}},
       {'item': {'List': 0, 'Param': 'Sr', 'Value': 'themesr1'}},
       {'item': {'List': 0, 'Param': 'Lang', 'Value': 'zh_HK'}},
       {'item': {'List': 0, 'Param': 'Ver', 'Value': '7.20.4'}}],
      dtype=object)}",CityID:0; POIID:719933 ;Sr:themesr1;Lang:zh_HK;Ver:7.20.4,Events,Openrice_Android/7.20.4 (Android; 36) [SM-S9480];Lang:zh-HK,OpenRice,production-orga-openrice-netcore-app-67b5c6675c-b4jfn,2026-09-15 06:58:01+00:00,android
240829,3bc6f903023545c0,2026-09-15 07:19:38.700000+00:00,cf68039a-60e7-4ea3-a79a-4a858cccdabc,124.217.188.215,or.poi.get-photos.food,,,,"{'list': array([{'item': {'List': 0, 'Param': 'POIID', 'Value': '719933'}},
       {'item': {'List': 0, 'Param': 'poiTypeId', 'Value': '1'}},
       {'item': {'List': 0, 'Param': 'CityID', 'Value': '0'}},
       {'item': {'List': 0, 'Param': 'Sr', 'Value': 'sr2'}},
       {'item': {'List': 0, 'Param': 'Page No.', 'Value': '1'}},
       {'item': {'List': 0, 'Param': 'PhotoTypeId', 'Value': '1'}},
       {'item': {'List': 0, 'Param': 'Lang', 'Value': 'zh_HK'}},
       {'item': {'List': 0, 'Param': 'Ver', 'Value': '7.20.4'}},
       {'item': {'List': 0, 'Param': 'sn', 'Value': 'HK.SR2.photo.food.719933'}}],
      dtype=object)}",POIID:719933; poiTypeId:1; CityID:0;Sr:sr2;Page No.:1;PhotoTypeId:1;Lang:zh_HK;Ver:7.20.4; sn:HK.SR2.photo.food.719933,Events,Openrice_Android/7.20.4 (Android; 36) [SM-S9480];Lang:zh-HK,OpenRice,production-orga-openrice-netcore-app-67b5c6675c-b4jfn,2026-09-15 06:58:01+00:00,android
240829,3bc6f903023545c0,2026-09-15 07:19:44.800000+00:00,cf68039a-60e7-4ea3-a79a-4a858cccdabc,124.217.188.215,poi.emenu.get-item,,,,"{'list': array([{'item': {'List': 0, 'Param': 'CityID', 'Value': '0'}},
       {'item': {'List': 0, 'Param': 'itemID', 'Value': 'ORI-98'}},
       {'item': {'List': 0, 'Param': 'Lang', 'Value': 'zh_HK'}},
       {'item': {'List': 0, 'Param': 'Ver', 'Value': '7.20.4'}}],
      dtype=object)}",CityID:0;itemID:ORI-98;Lang:zh_HK;Ver:7.20.4,Events,Openrice_Android/7.20.4 (Android; 36) [SM-S9480];Lang:zh-HK,OpenRice,production-orga-openrice-netcore-app-67b5c6675c-9plj9,2026-09-15 06:59:01+00:00,android
240829,3bc6f903023545c0,2026-09-15 07:20:02.100000+00:00,cf68039a-60e7-4ea3-a79a-4a858cccdabc,124.217.188.215,or.takeaway.checkout,,,,"{'list': array([{'item': {'List': 0, 'Param': 'CityID', 'Value': '0'}},
       {'item': {'List': 0, 'Param': 'POIID', 'Value': '719933'}},
       {'item': {'List': 0, 'Param': 'Sr', 'Value': 'menu'}},
       {'item': {'List': 0, 'Param': 'Lang', 'Value': 'zh_HK'}},
       {'item': {'List': 0, 'Param': 'Ver', 'Value': '7.20.4'}}],
      dtype=object)}",CityID:0; POIID:719933; Sr:menu;Lang:zh_HK;Ver:7.20.4,Events,Openrice_Android/7.20.4 (Android; 36) [SM-S9480];Lang:zh-HK,OpenRice,production-orga-openrice-netcore-app-67b5c6675c-j2lhc,2026-09-15 06:59:01+00:00,android
240829,3bc6f903023545c0,2026-09-15 07:20:05.600000+00:00,cf68039a-60e7-4ea3-a79a-4a858cccdabc,124.217.188.215,or.takeaway.place-order,,,,"{'list': array([{'item': {'List': 0, 'Param': 'CityID', 'Value': '0'}},
       {'item': {'List': 0, 'Param': 'POIID', 'Value': '719933'}},
       {'item': {'List': 0, 'Param': 'Sr', 'Value': 'checkout'}},
       {'item': {'List': 0, 'Param': 'Lang', 'Value': 'zh_HK'}},
       {'item': {'List': 0, 'Param': 'Ver', 'Value': '7.20.4'}}],
      dtype=object)}",CityID:0; POIID:719933 ; Sr:checkout;;Lang:zh_HK;Ver:7.20.4,Events,Openrice_Android/7.20.4 (Android; 36) [SM-S9480];Lang:zh-HK,OpenRice,production-orga-openrice-netcore-app-67b5c6675c-j2lhc,2026-09-15 06:59:01+00:00,android
240829,3bc6f903023545c0,2026-09-15 07:21:06.800000+00:00,cf68039a-60e7-4ea3-a79a-4a858cccdabc,124.217.188.215,or.takeaway.pay,,,,"{'list': array([{'item': {'List': 0, 'Param': 'CityId', 'Value': '0'}},
       {'item': {'List': 0, 'Param': 'POIID', 'Value': '719933'}},
       {'item': {'List': 0, 'Param': 'Sr', 'Value': 'payment'}},
       {'item': {'List': 0, 'Param': 'Lang', 'Value': 'zh_HK'}},
       {'item': {'List': 0, 'Param': 'Ver', 'Value': '7.20.4'}}],
      dtype=object)}",CityId:0; POIID:719933; Sr:payment;;Lang:zh_HK;Ver:7.20.4,Events,Openrice_Android/7.20.4 (Android; 36) [SM-S9480];Lang:zh-HK,OpenRice,production-orga-openrice-netcore-app-67b5c6675c-b4jfn,2026-09-15 07:00:01+00:00,android
240829,3bc6f903023545c0,2026-09-15 07:25:48.600000+00:00,cf68039a-60e7-4ea3-a79a-4a858cccdabc,124.217.188.215,or.app.resume,,,,"{'list': array([{'item': {'List': 0, 'Param': 'CityID', 'Value': '0'}},
       {'item': {'List': 0, 'Param': 'Lang', 'Value': 'zh-HK'}},
       {'item': {'List': 0, 'Param': 'Ver', 'Value': '7.20.4'}},
       {'item': {'List': 0, 'Param': 'Lang', 'Value': 'zh_HK'}},
       {'item': {'List': 0, 'Param': 'Ver', 'Value': '7.20.4'}}],
      dtype=object)}",CityID:0; Lang:zh-HK; Ver:7.20.4;Lang:zh_HK;Ver:7.20.4,Events,Openrice_Android/7.20.4 (Android; 36) [SM-S9480];Lang:zh-HK,OpenRice,production-orga-openrice-netcore-app-67b5c6675c-b4jfn,2026-09-15 07:05:01+00:00,android
240829,3bc6f903023545c0,2026-09-15 07:25:58.100000+00:00,cf68039a-60e7-4ea3-a79a-4a858cccdabc,124.217.188.215,or.app.resume,,,,"{'list': array([{'item': {'List': 0, 'Param': 'CityID', 'Value': '0'}},
       {'item': {'List': 0, 'Param': 'Lang', 'Value': 'zh-HK'}},
       {'item': {'List': 0, 'Param': 'Ver', 'Value': '7.20.4'}},
       {'item': {'List': 0, 'Param': 'Lang', 'Value': 'zh_HK'}},
       {'item': {'List': 0, 'Param': 'Ver', 'Value': '7.20.4'}}],
      dtype=object)}",CityID:0; Lang:zh-HK; Ver:7.20.4;Lang:zh_HK;Ver:7.20.4,Events,Openrice_Android/7.20.4 (Android; 36) [SM-S9480];Lang:zh-HK,OpenRice,production-orga-openrice-netcore-app-67b5c6675c-b4jfn,2026-09-15 07:05:01+00:00,android
240829,3bc6f903023545c0,2026-09-15 07:27:22.800000+00:00,cf68039a-60e7-4ea3-a79a-4a858cccdabc,124.217.188.215,or.app.resume,,,,"{'list': array([{'item': {'List': 0, 'Param': 'CityID', 'Value': '0'}},
       {'item': {'List': 0, 'Param': 'Lang', 'Value': 'zh-HK'}},
       {'item': {'List': 0, 'Param': 'Ver', 'Value': '7.20.4'}},
       {'item': {'List': 0, 'Param': 'Lang', 'Value': 'zh_HK'}},
       {'item': {'List': 0, 'Param': 'Ver', 'Value': '7.20.4'}}],
      dtype=object)}",CityID:0; Lang:zh-HK; Ver:7.20.4;Lang:zh_HK;Ver:7.20.4,Events,Openrice_Android/7.20.4 (Android; 36) [SM-S9480];Lang:zh-HK,OpenRice,production-orga-openrice-netcore-app-67b5c6675c-9plj9,2026-09-15 07:07:01+00:00,android
240829,3bc6f903023545c0,2026-09-15 07:27:23+00:00,cf68039a-60e7-4ea3-a79a-4a858cccdabc,124.217.188.215,or.app.start,,,,"{'list': array([{'item': {'List': 0, 'Param': 'CityID', 'Value': '0'}},
       {'item': {'List': 0, 'Param': 'Lang', 'Value': 'zh-HK'}},
       {'item': {'List': 0, 'Param': 'Ver', 'Value': '7.20.4'}},
       {'item': {'List': 0, 'Param': 'Device', 'Value': 'm3q'}},
       {'item': {'List': 0, 'Param': 'Lang', 'Value': 'zh_HK'}},
       {'item': {'List': 0, 'Param': 'Ver', 'Value': '7.20.4'}}],
      dtype=object)}",CityID:0; Lang:zh-HK; Ver:7.20.4; Device:m3q;Lang:zh_HK;Ver:7.20.4,Events,Openrice_Android/7.20.4 (Android; 36) [SM-S9480];Lang:zh-HK,OpenRice,production-orga-openrice-netcore-app-67b5c6675c-9plj9,2026-09-15 07:07:01+00:00,android
240829,3bc6f903023545c0,2026-09-15 07:27:23+00:00,cf68039a-60e7-4ea3-a79a-4a858cccdabc,124.217.188.215,or.app.openpush,,,,"{'list': array([{'item': {'List': 0, 'Param': 'POIID', 'Value': ''}},
       {'item': {'List': 0, 'Param': 'CityID', 'Value': '0'}},
       {'item': {'List': 0, 'Param': 'Lang', 'Value': 'zh_HK'}},
       {'item': {'List': 0, 'Param': 'Ver', 'Value': '7.20.4'}}],
      dtype=object)}",POIID:; CityID:0;Lang:zh_HK;Ver:7.20.4,Events,Openrice_Android/7.20.4 (Android; 36) [SM-S9480];Lang:zh-HK,OpenRice,production-orga-openrice-netcore-app-67b5c6675c-9plj9,2026-09-15 07:07:01+00:00,android
252253,3ea40686-e25e-4ccb-9887-64c71db37c78,2026-09-15 07:18:03.400000+00:00,50c312e6-ef2b-45f7-8f30-c9ad59f45a8b,31.171.153.180,or.app.resume,,,,"{'list': array([{'item': {'List': 0, 'Param': 'CityID', 'Value': '0'}},
       {'item': {'List': 0, 'Param': 'Lang', 'Value': 'hk'}},
       {'item': {'List': 0, 'Param': 'Ver', 'Value': '7.20.5'}}],
      dtype=object)}",CityID:0;Lang:hk;Ver:7.20.5,Events,OpenRice_iOS/7.20.5 (iPhone; iOS 26.6.2);Lang:zh-HK,OpenRice,production-orga-openrice-netcore-app-67b5c6675c-j2lhc,2026-09-15 06:58:01+00:00,ios
252253,3ea40686-e25e-4ccb-9887-64c71db37c78,2026-09-15 07:18:05.200000+00:00,50c312e6-ef2b-45f7-8f30-c9ad59f45a8b,31.171.153.180,or.qcksearch,,,,"{'list': array([{'item': {'List': 0, 'Param': 'CityID', 'Value': '0'}},
       {'item': {'List': 0, 'Param': 'sr', 'Value': 'Index'}},
       {'item': {'List': 0, 'Param': 'sn', 'Value': 'HK.Home'}}],
      dtype=object)}",CityID:0;sr:Index;sn:HK.Home,Events,OpenRice_iOS/7.20.5 (iPhone; iOS 26.6.2);Lang:zh-HK,OpenRice,production-orga-openrice-netcore-app-67b5c6675c-j2lhc,2026-09-15 06:58:01+00:00,ios
252253,3ea40686-e25e-4ccb-9887-64c71db37c78,2026-09-15 07:18:06.900000+00:00,50c312e6-ef2b-45f7-8f30-c9ad59f45a8b,31.171.153.180,or.poi.get-details,,,,"{'list': array([{'item': {'List': 0, 'Param': 'CityID', 'Value': '0'}},
       {'item': {'List': 0, 'Param': 'Lang', 'Value': 'hk'}},
       {'item': {'List': 0, 'Param': 'Ver', 'Value': '7.20.5'}},
       {'item': {'List': 0, 'Param': 'POIID', 'Value': '459930'}},
       {'item': {'List': 0, 'Param': 'sr', 'Value': 'search_history'}},
       {'item': {'List': 0, 'Param': 'sn', 'Value': 'HK.QckSearch'}}],
      dtype=object)}",CityID:0;Lang:hk;Ver:7.20.5;POIID:459930;sr:search_history;sn:HK.QckSearch,Events,OpenRice_iOS/7.20.5 (iPhone; iOS 26.6.2);Lang:zh-HK,OpenRice,production-orga-openrice-netcore-app-67b5c6675c-j2lhc,2026-09-15 06:58:01+00:00,ios
252253,3ea40686-e25e-4ccb-9887-64c71db37c78,2026-09-15 07:18:11.300000+00:00,50c312e6-ef2b-45f7-8f30-c9ad59f45a8b,31.171.153.180,or.takeaway.order,,,,"{'list': array([{'item': {'List': 0, 'Param': 'CityID', 'Value': '0'}},
       {'item': {'List': 0, 'Param': 'Lang', 'Value': 'hk'}},
       {'item': {'List': 0, 'Param': 'Ver', 'Value': '7.20.5'}},
       {'item': {'List': 0, 'Param': 'POIID', 'Value': '459930'}},
       {'item': {'List': 0, 'Param': 'sr', 'Value': 'menu'}},
       {'item': {'List': 0, 'Param': 'sn', 'Value': 'HK.Takeaway.order.459930'}}],
      dtype=object)}",CityID:0;Lang:hk;Ver:7.20.5;POIID:459930;sr:menu;sn:HK.Takeaway.order.459930,Events,OpenRice_iOS/7.20.5 (iPhone; iOS 26.6.2);Lang:zh-HK,OpenRice,production-orga-openrice-netcore-app-67b5c6675c-j2lhc,2026-09-15 06:58:01+00:00,ios
252253,3ea40686-e25e-4ccb-9887-64c71db37c78,2026-09-15 07:19:26.400000+00:00,50c312e6-ef2b-45f7-8f30-c9ad59f45a8b,31.171.153.178,or.app.resume,,,,"{'list': array([{'item': {'List': 0, 'Param': 'CityID', 'Value': '0'}},
       {'item': {'List': 0, 'Param': 'Lang', 'Value': 'hk'}},
       {'item': {'List': 0, 'Param': 'Ver', 'Value': '7.20.5'}}],
      dtype=object)}",CityID:0;Lang:hk;Ver:7.20.5,Events,OpenRice_iOS/7.20.5 (iPhone; iOS 26.6.2);Lang:zh-HK,OpenRice,production-orga-openrice-netcore-app-67b5c6675c-b4jfn,2026-09-15 06:59:01+00:00,ios
252253,3ea40686-e25e-4ccb-9887-64c71db37c78,2026-09-15 07:20:39.500000+00:00,50c312e6-ef2b-45f7-8f30-c9ad59f45a8b,31.171.153.179,or.app.resume,,,,"{'list': array([{'item': {'List': 0, 'Param': 'CityID', 'Value': '0'}},
       {'item': {'List': 0, 'Param': 'Lang', 'Value': 'hk'}},
       {'item': {'List': 0, 'Param': 'Ver', 'Value': '7.20.5'}}],
      dtype=object)}",CityID:0;Lang:hk;Ver:7.20.5,Events,OpenRice_iOS/7.20.5 (iPhone; iOS 26.6.2);Lang:zh-HK,OpenRice,production-orga-openrice-netcore-app-67b5c6675c-9plj9,2026-09-15 07:00:01+00:00,ios
252253,3ea40686-e25e-4ccb-9887-64c71db37c78,2026-09-15 07:22:22.700000+00:00,50c312e6-ef2b-45f7-8f30-c9ad59f45a8b,31.171.153.180,or.takeaway.checkout,,,,"{'list': array([{'item': {'List': 0, 'Param': 'CityID', 'Value': '0'}},
       {'item': {'List': 0, 'Param': 'Lang', 'Value': 'hk'}},
       {'item': {'List': 0, 'Param': 'Ver', 'Value': '7.20.5'}},
       {'item': {'List': 0, 'Param': 'sr', 'Value': 'menu'}},
       {'item': {'List': 0, 'Param': 'POIID', 'Value': '459930'}},
       {'item': {'List': 0, 'Param': 'sn', 'Value': 'HK.Takeaway.order.459930'}}],
      dtype=object)}",CityID:0;Lang:hk;Ver:7.20.5;sr:menu;POIID:459930;sn:HK.Takeaway.order.459930,Events,OpenRice_iOS/7.20.5 (iPhone; iOS 26.6.2);Lang:zh-HK,OpenRice,production-orga-openrice-netcore-app-67b5c6675c-b4jfn,2026-09-15 07:02:01+00:00,ios
252253,3ea40686-e25e-4ccb-9887-64c71db37c78,2026-09-15 07:22:44.700000+00:00,50c312e6-ef2b-45f7-8f30-c9ad59f45a8b,31.171.153.182,or.takeaway.place-order,,,,"{'list': array([{'item': {'List': 0, 'Param': 'CityID', 'Value': '0'}},
       {'item': {'List': 0, 'Param': 'Lang', 'Value': 'hk'}},
       {'item': {'List': 0, 'Param': 'Ver', 'Value': '7.20.5'}},
       {'item': {'List': 0, 'Param': 'sr', 'Value': 'checkout'}},
       {'item': {'List': 0, 'Param': 'POIID', 'Value': '459930'}},
       {'item': {'List': 0, 'Param': 'PromoCode', 'Value': 'None'}},
       {'item': {'List': 0, 'Param': 'sn', 'Value': 'HK.Takeaway.checkout.459930'}}],
      dtype=object)}",CityID:0;Lang:hk;Ver:7.20.5;sr:checkout;POIID:459930;PromoCode:None;sn:HK.Takeaway.checkout.459930,Events,OpenRice_iOS/7.20.5 (iPhone; iOS 26.6.2);Lang:zh-HK,OpenRice,production-orga-openrice-netcore-app-67b5c6675c-j2lhc,2026-09-15 07:02:01+00:00,ios
252253,3ea40686-e25e-4ccb-9887-64c71db37c78,2026-09-15 07:23:01.800000+00:00,50c312e6-ef2b-45f7-8f30-c9ad59f45a8b,31.171.153.182,or.app.resume,,,,"{'list': array([{'item': {'List': 0, 'Param': 'CityID', 'Value': '0'}},
       {'item': {'List': 0, 'Param': 'Lang', 'Value': 'hk'}},
       {'item': {'List': 0, 'Param': 'Ver', 'Value': '7.20.5'}}],
      dtype=object)}",CityID:0;Lang:hk;Ver:7.20.5,Events,OpenRice_iOS/7.20.5 (iPhone; iOS 26.6.2);Lang:zh-HK,OpenRice,production-orga-openrice-netcore-app-67b5c6675c-j2lhc,2026-09-15 07:02:01+00:00,ios
252253,3ea40686-e25e-4ccb-9887-64c71db37c78,2026-09-15 07:23:02.900000+00:00,50c312e6-ef2b-45f7-8f30-c9ad59f45a8b,31.171.153.182,or.takeaway.pay,,,,"{'list': array([{'item': {'List': 0, 'Param': 'CityID', 'Value': '0'}},
       {'item': {'List': 0, 'Param': 'Lang', 'Value': 'hk'}},
       {'item': {'List': 0, 'Param': 'Ver', 'Value': '7.20.5'}},
       {'item': {'List': 0, 'Param': 'sr', 'Value': 'payment'}},
       {'item': {'List': 0, 'Param': 'poiId', 'Value': '459930'}}],
      dtype=object)}",CityID:0;Lang:hk;Ver:7.20.5;sr:payment;poiId:459930,Events,OpenRice_iOS/7.20.5 (iPhone; iOS 26.6.2);Lang:zh-HK,OpenRice,production-orga-openrice-netcore-app-67b5c6675c-j2lhc,2026-09-15 07:02:01+00:00,ios
252253,3ea40686-e25e-4ccb-9887-64c71db37c78,2026-09-15 07:23:39+00:00,50c312e6-ef2b-45f7-8f30-c9ad59f45a8b,31.171.153.182,or.myor.orderList,,,,"{'list': array([{'item': {'List': 0, 'Param': '(null)', 'Value': ''}},
       {'item': {'List': 0, 'Param': 'sn', 'Value': 'HK.Home'}}],
      dtype=object)}",(null);sn:HK.Home,Events,OpenRice_iOS/7.20.5 (iPhone; iOS 26.6.2);Lang:zh-HK,OpenRice,production-orga-openrice-netcore-app-67b5c6675c-9plj9,2026-09-15 07:04:01+00:00,ios
252253,3ea40686-e25e-4ccb-9887-64c71db37c78,2026-09-15 07:23:57.100000+00:00,50c312e6-ef2b-45f7-8f30-c9ad59f45a8b,31.171.153.182,or.app.resume,,,,"{'list': array([{'item': {'List': 0, 'Param': 'CityID', 'Value': '0'}},
       {'item': {'List': 0, 'Param': 'Lang', 'Value': 'hk'}},
       {'item': {'List': 0, 'Param': 'Ver', 'Value': '7.20.5'}}],
      dtype=object)}",CityID:0;Lang:hk;Ver:7.20.5,Events,OpenRice_iOS/7.20.5 (iPhone; iOS 26.6.2);Lang:zh-HK,OpenRice,production-orga-openrice-netcore-app-67b5c6675c-9plj9,2026-09-15 07:04:01+00:00,ios
252253,3ea40686-e25e-4ccb-9887-64c71db37c78,2026-09-15 07:25:26.500000+00:00,50c312e6-ef2b-45f7-8f30-c9ad59f45a8b,31.171.153.182,or.app.resume,,,,"{'list': array([{'item': {'List': 0, 'Param': 'CityID', 'Value': '0'}},
       {'item': {'List': 0, 'Param': 'Lang', 'Value': 'hk'}},
       {'item': {'List': 0, 'Param': 'Ver', 'Value': '7.20.5'}}],
      dtype=object)}",CityID:0;Lang:hk;Ver:7.20.5,Events,OpenRice_iOS/7.20.5 (iPhone; iOS 26.6.2);Lang:zh-HK,OpenRice,production-orga-openrice-netcore-app-67b5c6675c-9plj9,2026-09-15 07:04:01+00:00,ios
252253,3ea40686-e25e-4ccb-9887-64c71db37c78,2026-09-15 07:26:32.700000+00:00,50c312e6-ef2b-45f7-8f30-c9ad59f45a8b,31.171.153.178,or.app.resume,,,,"{'list': array([{'item': {'List': 0, 'Param': 'CityID', 'Value': '0'}},
       {'item': {'List': 0, 'Param': 'Lang', 'Value': 'hk'}},
       {'item': {'List': 0, 'Param': 'Ver', 'Value': '7.20.5'}}],
      dtype=object)}",CityID:0;Lang:hk;Ver:7.20.5,Events,OpenRice_iOS/7.20.5 (iPhone; iOS 26.6.2);Lang:zh-HK,OpenRice,production-orga-openrice-netcore-app-67b5c6675c-j2lhc,2026-09-15 07:06:01+00:00,ios
252253,3ea40686-e25e-4ccb-9887-64c71db37c78,2026-09-15 07:28:10.900000+00:00,50c312e6-ef2b-45f7-8f30-c9ad59f45a8b,31.171.153.180,or.app.resume,,,,"{'list': array([{'item': {'List': 0, 'Param': 'CityID', 'Value': '0'}},
       {'item': {'List': 0, 'Param': 'Lang', 'Value': 'hk'}},
       {'item': {'List': 0, 'Param': 'Ver', 'Value': '7.20.5'}}],
      dtype=object)}",CityID:0;Lang:hk;Ver:7.20.5,Events,OpenRice_iOS/7.20.5 (iPhone; iOS 26.6.2);Lang:zh-HK,OpenRice,production-orga-openrice-netcore-app-67b5c6675c-9plj9,2026-09-15 07:07:01+00:00,ios
252253,3ea40686-e25e-4ccb-9887-64c71db37c78,2026-09-15 07:31:29.400000+00:00,50c312e6-ef2b-45f7-8f30-c9ad59f45a8b,31.171.153.178,or.app.resume,,,,"{'list': array([{'item': {'List': 0, 'Param': 'CityID', 'Value': '0'}},
       {'item': {'List': 0, 'Param': 'Lang', 'Value': 'hk'}},
       {'item': {'List': 0, 'Param': 'Ver', 'Value': '7.20.5'}}],
      dtype=object)}",CityID:0;Lang:hk;Ver:7.20.5,Events,OpenRice_iOS/7.20.5 (iPhone; iOS 26.6.2);Lang:zh-HK,OpenRice,production-orga-openrice-netcore-app-67b5c6675c-b4jfn,2026-09-15 07:11:01+00:00,ios
252253,3ea40686-e25e-4ccb-9887-64c71db37c78,2026-09-15 07:34:31.700000+00:00,50c312e6-ef2b-45f7-8f30-c9ad59f45a8b,31.171.153.181,or.app.resume,,,,"{'list': array([{'item': {'List': 0, 'Param': 'CityID', 'Value': '0'}},
       {'item': {'List': 0, 'Param': 'Lang', 'Value': 'hk'}},
       {'item': {'List': 0, 'Param': 'Ver', 'Value': '7.20.5'}}],
      dtype=object)}",CityID:0;Lang:hk;Ver:7.20.5,Events,OpenRice_iOS/7.20.5 (iPhone; iOS 26.6.2);Lang:zh-HK,OpenRice,production-orga-openrice-netcore-app-67b5c6675c-9plj9,2026-09-15 07:14:01+00:00,ios
252253,3ea40686-e25e-4ccb-9887-64c71db37c78,2026-09-15 07:34:32+00:00,50c312e6-ef2b-45f7-8f30-c9ad59f45a8b,31.171.153.181,or.app.start,,,,"{'list': array([{'item': {'List': 0, 'Param': 'CityID', 'Value': '0'}},
       {'item': {'List': 0, 'Param': 'Lang', 'Value': 'hk'}},
       {'item': {'List': 0, 'Param': 'Ver', 'Value': '7.20.5'}},
       {'item': {'List': 0, 'Param': 'device', 'Value': 'iPhone17,2'}}],
      dtype=object)}","CityID:0;Lang:hk;Ver:7.20.5;device:iPhone17,2",Events,OpenRice_iOS/7.20.5 (iPhone; iOS 26.6.2);Lang:zh-HK,OpenRice,production-orga-openrice-netcore-app-67b5c6675c-9plj9,2026-09-15 07:14:01+00:00,ios
252253,3ea40686-e25e-4ccb-9887-64c71db37c78,2026-09-15 07:34:34.100000+00:00,50c312e6-ef2b-45f7-8f30-c9ad59f45a8b,31.171.153.181,or.qcksearch,,,,"{'list': array([{'item': {'List': 0, 'Param': 'CityID', 'Value': '0'}},
       {'item': {'List': 0, 'Param': 'sr', 'Value': 'Index'}},
       {'item': {'List': 0, 'Param': 'sn', 'Value': 'HK.Home'}}],
      dtype=object)}",CityID:0;sr:Index;sn:HK.Home,Events,OpenRice_iOS/7.20.5 (iPhone; iOS 26.6.2);Lang:zh-HK,OpenRice,production-orga-openrice-netcore-app-67b5c6675c-9plj9,2026-09-15 07:14:01+00:00,ios
252253,3ea40686-e25e-4ccb-9887-64c71db37c78,2026-09-15 07:34:35.600000+00:00,50c312e6-ef2b-45f7-8f30-c9ad59f45a8b,31.171.153.181,or.poi.get-details,,,,"{'list': array([{'item': {'List': 0, 'Param': 'CityID', 'Value': '0'}},
       {'item': {'List': 0, 'Param': 'Lang', 'Value': 'hk'}},
       {'item': {'List': 0, 'Param': 'Ver', 'Value': '7.20.5'}},
       {'item': {'List': 0, 'Param': 'POIID', 'Value': '459930'}},
       {'item': {'List': 0, 'Param': 'sr', 'Value': 'search_history'}},
       {'item': {'List': 0, 'Param': 'sn', 'Value': 'HK.QckSearch'}}],
      dtype=object)}",CityID:0;Lang:hk;Ver:7.20.5;POIID:459930;sr:search_history;sn:HK.QckSearch,Events,OpenRice_iOS/7.20.5 (iPhone; iOS 26.6.2);Lang:zh-HK,OpenRice,production-orga-openrice-netcore-app-67b5c6675c-9plj9,2026-09-15 07:14:01+00:00,ios
252253,3ea40686-e25e-4ccb-9887-64c71db37c78,2026-09-15 07:34:42.500000+00:00,50c312e6-ef2b-45f7-8f30-c9ad59f45a8b,31.171.153.181,or.poi.get-reviews,,,,"{'list': array([{'item': {'List': 0, 'Param': 'CityID', 'Value': '0'}},
       {'item': {'List': 0, 'Param': 'Lang', 'Value': 'hk'}},
       {'item': {'List': 0, 'Param': 'Ver', 'Value': '7.20.5'}},
       {'item': {'List': 0, 'Param': 'POIID', 'Value': '459930'}},
       {'item': {'List': 0, 'Param': 'Page', 'Value': '1'}},
       {'item': {'List': 0, 'Param': 'sr', 'Value': 'sr2allreview'}},
       {'item': {'List': 0, 'Param': 'sn', 'Value': 'HK.SR2.Overview.459930'}}],
      dtype=object)}",CityID:0;Lang:hk;Ver:7.20.5;POIID:459930;Page:1;sr:sr2allreview;sn:HK.SR2.Overview.459930,Events,OpenRice_iOS/7.20.5 (iPhone; iOS 26.6.2);Lang:zh-HK,OpenRice,production-orga-openrice-netcore-app-67b5c6675c-9plj9,2026-09-15 07:14:01+00:00,ios
252253,3ea40686-e25e-4ccb-9887-64c71db37c78,2026-09-15 07:35:11.200000+00:00,50c312e6-ef2b-45f7-8f30-c9ad59f45a8b,31.171.153.179,or.poi.review.back,,,,"{'list': array([{'item': {'List': 0, 'Param': 'CityID', 'Value': '0'}},
       {'item': {'List': 0, 'Param': 'Lang', 'Value': 'hk'}},
       {'item': {'List': 0, 'Param': 'Ver', 'Value': '7.20.5'}},
       {'item': {'List': 0, 'Param': 'POIID', 'Value': '459930'}},
       {'item': {'List': 0, 'Param': 'sn', 'Value': 'HK.SR2.review.459930'}}],
      dtype=object)}",CityID:0;Lang:hk;Ver:7.20.5;POIID:459930;sn:HK.SR2.review.459930,Events,OpenRice_iOS/7.20.5 (iPhone; iOS 26.6.2);Lang:zh-HK,OpenRice,production-orga-openrice-netcore-app-67b5c6675c-j2lhc,2026-09-15 07:26:01+00:00,ios
252253,3ea40686-e25e-4ccb-9887-64c71db37c78,2026-09-15 07:35:12.600000+00:00,50c312e6-ef2b-45f7-8f30-c9ad59f45a8b,31.171.153.179,or.takeaway.order,,,,"{'list': array([{'item': {'List': 0, 'Param': 'CityID', 'Value': '0'}},
       {'item': {'List': 0, 'Param': 'Lang', 'Value': 'hk'}},
       {'item': {'List': 0, 'Param': 'Ver', 'Value': '7.20.5'}},
       {'item': {'List': 0, 'Param': 'POIID', 'Value': '459930'}},
       {'item': {'List': 0, 'Param': 'sr', 'Value': 'menu'}},
       {'item': {'List': 0, 'Param': 'sn', 'Value': 'HK.Takeaway.order.459930'}}],
      dtype=object)}",CityID:0;Lang:hk;Ver:7.20.5;POIID:459930;sr:menu;sn:HK.Takeaway.order.459930,Events,OpenRice_iOS/7.20.5 (iPhone; iOS 26.6.2);Lang:zh-HK,OpenRice,production-orga-openrice-netcore-app-67b5c6675c-j2lhc,2026-09-15 07:26:01+00:00,ios
252253,3ea40686-e25e-4ccb-9887-64c71db37c78,2026-09-15 07:46:26.100000+00:00,50c312e6-ef2b-45f7-8f30-c9ad59f45a8b,31.171.153.179,or.app.resume,,,,"{'list': array([{'item': {'List': 0, 'Param': 'CityID', 'Value': '0'}},
       {'item': {'List': 0, 'Param': 'Lang', 'Value': 'hk'}},
       {'item': {'List': 0, 'Param': 'Ver', 'Value': '7.20.5'}}],
      dtype=object)}",CityID:0;Lang:hk;Ver:7.20.5,Events,OpenRice_iOS/7.20.5 (iPhone; iOS 26.6.2);Lang:zh-HK,OpenRice,production-orga-openrice-netcore-app-67b5c6675c-j2lhc,2026-09-15 07:26:01+00:00,ios
818327,cb512dc0-6f1c-4824-8d2e-e08565916438,2026-09-15 07:18:34.300000+00:00,8b3147ef-2a48-4240-8383-7050dc4afbfc,14.0.157.193,or.app.resume,,,,"{'list': array([{'item': {'List': 0, 'Param': 'CityID', 'Value': '0'}},
       {'item': {'List': 0, 'Param': 'Lang', 'Value': 'hk'}},
       {'item': {'List': 0, 'Param': 'Ver', 'Value': '7.20.5'}}],
      dtype=object)}",CityID:0;Lang:hk;Ver:7.20.5,Events,OpenRice_iOS/7.20.5 (iPhone; iOS 26.3);Lang:zh-HK,OpenRice,production-orga-openrice-netcore-app-67b5c6675c-j2lhc,2026-09-15 06:58:01+00:00,ios
818327,cb512dc0-6f1c-4824-8d2e-e08565916438,2026-09-15 07:18:34.600000+00:00,8b3147ef-2a48-4240-8383-7050dc4afbfc,14.0.157.193,or.app.start,,,,"{'list': array([{'item': {'List': 0, 'Param': 'CityID', 'Value': '0'}},
       {'item': {'List': 0, 'Param': 'Lang', 'Value': 'hk'}},
       {'item': {'List': 0, 'Param': 'Ver', 'Value': '7.20.5'}},
       {'item': {'List': 0, 'Param': 'device', 'Value': 'iPhone18,2'}}],
      dtype=object)}","CityID:0;Lang:hk;Ver:7.20.5;device:iPhone18,2",Events,OpenRice_iOS/7.20.5 (iPhone; iOS 26.3);Lang:zh-HK,OpenRice,production-orga-openrice-netcore-app-67b5c6675c-j2lhc,2026-09-15 06:58:01+00:00,ios
818327,cb512dc0-6f1c-4824-8d2e-e08565916438,2026-09-15 07:18:40.400000+00:00,8b3147ef-2a48-4240-8383-7050dc4afbfc,14.0.157.193,or.qcksearch,,,,"{'list': array([{'item': {'List': 0, 'Param': 'CityID', 'Value': '0'}},
       {'item': {'List': 0, 'Param': 'sr', 'Value': 'Index'}},
       {'item': {'List': 0, 'Param': 'sn', 'Value': 'HK.Home'}}],
      dtype=object)}",CityID:0;sr:Index;sn:HK.Home,Events,OpenRice_iOS/7.20.5 (iPhone; iOS 26.3);Lang:zh-HK,OpenRice,production-orga-openrice-netcore-app-67b5c6675c-j2lhc,2026-09-15 06:58:01+00:00,ios
818327,cb512dc0-6f1c-4824-8d2e-e08565916438,2026-09-15 07:18:41.600000+00:00,8b3147ef-2a48-4240-8383-7050dc4afbfc,14.0.157.193,or.search.quick,,,,"{'list': array([{'item': {'List': 0, 'Param': 'Page', 'Value': '1'}},
       {'item': {'List': 0, 'Param': 'chainId', 'Value': '10006535'}},
       {'item': {'List': 0, 'Param': 'savehistory', 'Value': 'true'}},
       {'item': {'List': 0, 'Param': 'CityID', 'Value': '0'}},
       {'item': {'List': 0, 'Param': 'Lang', 'Value': 'hk'}},
       {'item': {'List': 0, 'Param': 'Ver', 'Value': '7.20.5'}},
       {'item': {'List': 0, 'Param': 'sr', 'Value': 'qcksearch'}},
       {'item': {'List': 0, 'Param': 'sn', 'Value': 'HK.Search.SR1.1'}}],
      dtype=object)}",Page:1;chainId:10006535;savehistory:true;CityID:0;Lang:hk;Ver:7.20.5;sr:qcksearch;sn:HK.Search.SR1.1,Events,OpenRice_iOS/7.20.5 (iPhone; iOS 26.3);Lang:zh-HK,OpenRice,production-orga-openrice-netcore-app-67b5c6675c-j2lhc,2026-09-15 06:58:01+00:00,ios
818327,cb512dc0-6f1c-4824-8d2e-e08565916438,2026-09-15 07:18:42+00:00,8b3147ef-2a48-4240-8383-7050dc4afbfc,14.0.157.193,impression.poi,,,,"{'list': array([{'item': {'List': 0, 'Param': 'CityID', 'Value': '0'}},
       {'item': {'List': 0, 'Param': 'Lang', 'Value': 'hk'}},
       {'item': {'List': 0, 'Param': 'Ver', 'Value': '7.20.5'}},
       {'item': {'List': 0, 'Param': 'POIID', 'Value': '678652'}},
       {'item': {'List': 0, 'Param': 'Type', 'Value': 'General'}},
       {'item': {'List': 0, 'Param': 'sr', 'Value': '2'}},
       {'item': {'List': 0, 'Param': 'poiTypeId', 'Value': '1'}},
       {'item': {'List': 0, 'Param': 'sn', 'Value': 'HK.Search.SR1.1'}}],
      dtype=object)}",CityID:0;Lang:hk;Ver:7.20.5;POIID:678652;Type:General;sr:2;poiTypeId:1;sn:HK.Search.SR1.1,Events,OpenRice_iOS/7.20.5 (iPhone; iOS 26.3);Lang:zh-HK,OpenRice,production-orga-openrice-netcore-app-67b5c6675c-j2lhc,2026-09-15 06:58:01+00:00,ios
818327,cb512dc0-6f1c-4824-8d2e-e08565916438,2026-09-15 07:18:42+00:00,8b3147ef-2a48-4240-8383-7050dc4afbfc,14.0.157.193,impression.poi,,,,"{'list': array([{'item': {'List': 0, 'Param': 'CityID', 'Value': '0'}},
       {'item': {'List': 0, 'Param': 'Lang', 'Value': 'hk'}},
       {'item': {'List': 0, 'Param': 'Ver', 'Value': '7.20.5'}},
       {'item': {'List': 0, 'Param': 'POIID', 'Value': '721610'}},
       {'item': {'List': 0, 'Param': 'Type', 'Value': 'General'}},
       {'item': {'List': 0, 'Param': 'sr', 'Value': '2'}},
       {'item': {'List': 0, 'Param': 'poiTypeId', 'Value': '1'}},
       {'item': {'List': 0, 'Param': 'sn', 'Value': 'HK.Search.SR1.1'}}],
      dtype=object)}",CityID:0;Lang:hk;Ver:7.20.5;POIID:721610;Type:General;sr:2;poiTypeId:1;sn:HK.Search.SR1.1,Events,OpenRice_iOS/7.20.5 (iPhone; iOS 26.3);Lang:zh-HK,OpenRice,production-orga-openrice-netcore-app-67b5c6675c-j2lhc,2026-09-15 06:58:01+00:00,ios
818327,cb512dc0-6f1c-4824-8d2e-e08565916438,2026-09-15 07:18:47.100000+00:00,8b3147ef-2a48-4240-8383-7050dc4afbfc,14.0.157.193,or.takeaway.order,,,,"{'list': array([{'item': {'List': 0, 'Param': 'CityID', 'Value': '0'}},
       {'item': {'List': 0, 'Param': 'Lang', 'Value': 'hk'}},
       {'item': {'List': 0, 'Param': 'Ver', 'Value': '7.20.5'}},
       {'item': {'List': 0, 'Param': 'POIID', 'Value': '678652'}},
       {'item': {'List': 0, 'Param': 'sr', 'Value': 'sr1'}},
       {'item': {'List': 0, 'Param': 'sn', 'Value': 'HK.Takeaway.order.678652'}}],
      dtype=object)}",CityID:0;Lang:hk;Ver:7.20.5;POIID:678652;sr:sr1;sn:HK.Takeaway.order.678652,Events,OpenRice_iOS/7.20.5 (iPhone; iOS 26.3);Lang:zh-HK,OpenRice,production-orga-openrice-netcore-app-67b5c6675c-j2lhc,2026-09-15 06:58:01+00:00,ios
818327,cb512dc0-6f1c-4824-8d2e-e08565916438,2026-09-15 07:19:39.100000+00:00,8b3147ef-2a48-4240-8383-7050dc4afbfc,14.0.157.193,or.app.resume,,,,"{'list': array([{'item': {'List': 0, 'Param': 'CityID', 'Value': '0'}},
       {'item': {'List': 0, 'Param': 'Lang', 'Value': 'hk'}},
       {'item': {'List': 0, 'Param': 'Ver', 'Value': '7.20.5'}}],
      dtype=object)}",CityID:0;Lang:hk;Ver:7.20.5,Events,OpenRice_iOS/7.20.5 (iPhone; iOS 26.3);Lang:zh-HK,OpenRice,production-orga-openrice-netcore-app-67b5c6675c-b4jfn,2026-09-15 06:59:01+00:00,ios
818327,cb512dc0-6f1c-4824-8d2e-e08565916438,2026-09-15 07:19:41.500000+00:00,8b3147ef-2a48-4240-8383-7050dc4afbfc,14.0.157.193,or.takeaway.checkout,,,,"{'list': array([{'item': {'List': 0, 'Param': 'CityID', 'Value': '0'}},
       {'item': {'List': 0, 'Param': 'Lang', 'Value': 'hk'}},
       {'item': {'List': 0, 'Param': 'Ver', 'Value': '7.20.5'}},
       {'item': {'List': 0, 'Param': 'sr', 'Value': 'menu'}},
       {'item': {'List': 0, 'Param': 'POIID', 'Value': '678652'}},
       {'item': {'List': 0, 'Param': 'sn', 'Value': 'HK.Takeaway.order.678652'}}],
      dtype=object)}",CityID:0;Lang:hk;Ver:7.20.5;sr:menu;POIID:678652;sn:HK.Takeaway.order.678652,Events,OpenRice_iOS/7.20.5 (iPhone; iOS 26.3);Lang:zh-HK,OpenRice,production-orga-openrice-netcore-app-67b5c6675c-b4jfn,2026-09-15 06:59:01+00:00,ios
818327,cb512dc0-6f1c-4824-8d2e-e08565916438,2026-09-15 07:26:46.800000+00:00,8b3147ef-2a48-4240-8383-7050dc4afbfc,14.0.157.193,or.app.resume,,,,"{'list': array([{'item': {'List': 0, 'Param': 'CityID', 'Value': '0'}},
       {'item': {'List': 0, 'Param': 'Lang', 'Value': 'hk'}},
       {'item': {'List': 0, 'Param': 'Ver', 'Value': '7.20.5'}}],
      dtype=object)}",CityID:0;Lang:hk;Ver:7.20.5,Events,OpenRice_iOS/7.20.5 (iPhone; iOS 26.3);Lang:zh-HK,OpenRice,production-orga-openrice-netcore-app-67b5c6675c-j2lhc,2026-09-15 07:06:01+00:00,ios
818327,cb512dc0-6f1c-4824-8d2e-e08565916438,2026-09-15 07:26:51.900000+00:00,8b3147ef-2a48-4240-8383-7050dc4afbfc,14.0.157.193,or.takeaway.place-order,,,,"{'list': array([{'item': {'List': 0, 'Param': 'CityID', 'Value': '0'}},
       {'item': {'List': 0, 'Param': 'Lang', 'Value': 'hk'}},
       {'item': {'List': 0, 'Param': 'Ver', 'Value': '7.20.5'}},
       {'item': {'List': 0, 'Param': 'sr', 'Value': 'checkout'}},
       {'item': {'List': 0, 'Param': 'POIID', 'Value': '678652'}},
       {'item': {'List': 0, 'Param': 'PromoCode', 'Value': 'None'}},
       {'item': {'List': 0, 'Param': 'sn', 'Value': 'HK.Takeaway.checkout.678652'}}],
      dtype=object)}",CityID:0;Lang:hk;Ver:7.20.5;sr:checkout;POIID:678652;PromoCode:None;sn:HK.Takeaway.checkout.678652,Events,OpenRice_iOS/7.20.5 (iPhone; iOS 26.3);Lang:zh-HK,OpenRice,production-orga-openrice-netcore-app-67b5c6675c-j2lhc,2026-09-15 07:06:01+00:00,ios
818327,cb512dc0-6f1c-4824-8d2e-e08565916438,2026-09-15 07:27:03.500000+00:00,8b3147ef-2a48-4240-8383-7050dc4afbfc,14.0.157.193,or.app.resume,,,,"{'list': array([{'item': {'List': 0, 'Param': 'CityID', 'Value': '0'}},
       {'item': {'List': 0, 'Param': 'Lang', 'Value': 'hk'}},
       {'item': {'List': 0, 'Param': 'Ver', 'Value': '7.20.5'}}],
      dtype=object)}",CityID:0;Lang:hk;Ver:7.20.5,Events,OpenRice_iOS/7.20.5 (iPhone; iOS 26.3);Lang:zh-HK,OpenRice,production-orga-openrice-netcore-app-67b5c6675c-j2lhc,2026-09-15 07:06:01+00:00,ios
818327,cb512dc0-6f1c-4824-8d2e-e08565916438,2026-09-15 07:27:04.500000+00:00,8b3147ef-2a48-4240-8383-7050dc4afbfc,14.0.157.193,or.takeaway.pay,,,,"{'list': array([{'item': {'List': 0, 'Param': 'CityID', 'Value': '0'}},
       {'item': {'List': 0, 'Param': 'Lang', 'Value': 'hk'}},
       {'item': {'List': 0, 'Param': 'Ver', 'Value': '7.20.5'}},
       {'item': {'List': 0, 'Param': 'sr', 'Value': 'payment'}},
       {'item': {'List': 0, 'Param': 'poiId', 'Value': '678652'}}],
      dtype=object)}",CityID:0;Lang:hk;Ver:7.20.5;sr:payment;poiId:678652,Events,OpenRice_iOS/7.20.5 (iPhone; iOS 26.3);Lang:zh-HK,OpenRice,production-orga-openrice-netcore-app-67b5c6675c-j2lhc,2026-09-15 07:06:01+00:00,ios
967536,f056f88d-d2ad-4051-af5b-0b81ecd249bf,2026-09-15 07:25:18.100000+00:00,23363770-a8ea-44c0-97a3-24f6cb199b30,14.0.168.191,or.app.resume,,,,"{'list': array([{'item': {'List': 0, 'Param': 'CityID', 'Value': '0'}},
       {'item': {'List': 0, 'Param': 'Lang', 'Value': 'hk'}},
       {'item': {'List': 0, 'Param': 'Ver', 'Value': '7.20.5'}}],
      dtype=object)}",CityID:0;Lang:hk;Ver:7.20.5,Events,OpenRice_iOS/7.20.5 (iPhone; iOS 26.6.2);Lang:zh-HK,OpenRice,production-orga-openrice-netcore-app-67b5c6675c-b4jfn,2026-09-15 07:05:01+00:00,ios
967536,f056f88d-d2ad-4051-af5b-0b81ecd249bf,2026-09-15 07:25:29+00:00,23363770-a8ea-44c0-97a3-24f6cb199b30,14.0.168.191,or.qcksearch,,,,"{'list': array([{'item': {'List': 0, 'Param': 'CityID', 'Value': '0'}},
       {'item': {'List': 0, 'Param': 'sr', 'Value': 'Index'}},
       {'item': {'List': 0, 'Param': 'sn', 'Value': 'HK.Home'}}],
      dtype=object)}",CityID:0;sr:Index;sn:HK.Home,Events,OpenRice_iOS/7.20.5 (iPhone; iOS 26.6.2);Lang:zh-HK,OpenRice,production-orga-openrice-netcore-app-67b5c6675c-b4jfn,2026-09-15 07:05:01+00:00,ios
967536,f056f88d-d2ad-4051-af5b-0b81ecd249bf,2026-09-15 07:25:30.600000+00:00,23363770-a8ea-44c0-97a3-24f6cb199b30,14.0.168.191,or.poi.get-details,,,,"{'list': array([{'item': {'List': 0, 'Param': 'CityID', 'Value': '0'}},
       {'item': {'List': 0, 'Param': 'Lang', 'Value': 'hk'}},
       {'item': {'List': 0, 'Param': 'Ver', 'Value': '7.20.5'}},
       {'item': {'List': 0, 'Param': 'POIID', 'Value': '1135147'}},
       {'item': {'List': 0, 'Param': 'sr', 'Value': 'search_history'}},
       {'item': {'List': 0, 'Param': 'sn', 'Value': 'HK.QckSearch'}}],
      dtype=object)}",CityID:0;Lang:hk;Ver:7.20.5;POIID:1135147;sr:search_history;sn:HK.QckSearch,Events,OpenRice_iOS/7.20.5 (iPhone; iOS 26.6.2);Lang:zh-HK,OpenRice,production-orga-openrice-netcore-app-67b5c6675c-b4jfn,2026-09-15 07:05:01+00:00,ios
967536,f056f88d-d2ad-4051-af5b-0b81ecd249bf,2026-09-15 07:25:33.100000+00:00,23363770-a8ea-44c0-97a3-24f6cb199b30,14.0.168.191,or.takeaway.order,,,,"{'list': array([{'item': {'List': 0, 'Param': 'CityID', 'Value': '0'}},
       {'item': {'List': 0, 'Param': 'Lang', 'Value': 'hk'}},
       {'item': {'List': 0, 'Param': 'Ver', 'Value': '7.20.5'}},
       {'item': {'List': 0, 'Param': 'POIID', 'Value': '1135147'}},
       {'item': {'List': 0, 'Param': 'sr', 'Value': 'sr2Tab'}},
       {'item': {'List': 0, 'Param': 'sn', 'Value': 'HK.Takeaway.order.1135147'}}],
      dtype=object)}",CityID:0;Lang:hk;Ver:7.20.5;POIID:1135147;sr:sr2Tab;sn:HK.Takeaway.order.1135147,Events,OpenRice_iOS/7.20.5 (iPhone; iOS 26.6.2);Lang:zh-HK,OpenRice,production-orga-openrice-netcore-app-67b5c6675c-b4jfn,2026-09-15 07:05:01+00:00,ios
967536,f056f88d-d2ad-4051-af5b-0b81ecd249bf,2026-09-15 07:27:37+00:00,23363770-a8ea-44c0-97a3-24f6cb199b30,14.0.168.191,or.takeaway.checkout,,,,"{'list': array([{'item': {'List': 0, 'Param': 'CityID', 'Value': '0'}},
       {'item': {'List': 0, 'Param': 'Lang', 'Value': 'hk'}},
       {'item': {'List': 0, 'Param': 'Ver', 'Value': '7.20.5'}},
       {'item': {'List': 0, 'Param': 'sr', 'Value': 'menu'}},
       {'item': {'List': 0, 'Param': 'POIID', 'Value': '1135147'}},
       {'item': {'List': 0, 'Param': 'sn', 'Value': 'HK.Takeaway.order.1135147'}}],
      dtype=object)}",CityID:0;Lang:hk;Ver:7.20.5;sr:menu;POIID:1135147;sn:HK.Takeaway.order.1135147,Events,OpenRice_iOS/7.20.5 (iPhone; iOS 26.6.2);Lang:zh-HK,OpenRice,production-orga-openrice-netcore-app-67b5c6675c-9plj9,2026-09-15 07:07:01+00:00,ios
967536,f056f88d-d2ad-4051-af5b-0b81ecd249bf,2026-09-15 07:27:45.500000+00:00,23363770-a8ea-44c0-97a3-24f6cb199b30,14.0.168.191,or.takeaway.place-order,,,,"{'list': array([{'item': {'List': 0, 'Param': 'CityID', 'Value': '0'}},
       {'item': {'List': 0, 'Param': 'Lang', 'Value': 'hk'}},
       {'item': {'List': 0, 'Param': 'Ver', 'Value': '7.20.5'}},
       {'item': {'List': 0, 'Param': 'sr', 'Value': 'checkout'}},
       {'item': {'List': 0, 'Param': 'POIID', 'Value': '1135147'}},
       {'item': {'List': 0, 'Param': 'PromoCode', 'Value': 'None'}},
       {'item': {'List': 0, 'Param': 'sn', 'Value': 'HK.Takeaway.checkout.1135147'}}],
      dtype=object)}",CityID:0;Lang:hk;Ver:7.20.5;sr:checkout;POIID:1135147;PromoCode:None;sn:HK.Takeaway.checkout.1135147,Events,OpenRice_iOS/7.20.5 (iPhone; iOS 26.6.2);Lang:zh-HK,OpenRice,production-orga-openrice-netcore-app-67b5c6675c-9plj9,2026-09-15 07:07:01+00:00,ios
967536,f056f88d-d2ad-4051-af5b-0b81ecd249bf,2026-09-15 07:27:59.200000+00:00,23363770-a8ea-44c0-97a3-24f6cb199b30,14.0.168.191,or.app.resume,,,,"{'list': array([{'item': {'List': 0, 'Param': 'CityID', 'Value': '0'}},
       {'item': {'List': 0, 'Param': 'Lang', 'Value': 'hk'}},
       {'item': {'List': 0, 'Param': 'Ver', 'Value': '7.20.5'}}],
      dtype=object)}",CityID:0;Lang:hk;Ver:7.20.5,Events,OpenRice_iOS/7.20.5 (iPhone; iOS 26.6.2);Lang:zh-HK,OpenRice,production-orga-openrice-netcore-app-67b5c6675c-j2lhc,2026-09-15 07:07:01+00:00,ios
967536,f056f88d-d2ad-4051-af5b-0b81ecd249bf,2026-09-15 07:28:00.200000+00:00,23363770-a8ea-44c0-97a3-24f6cb199b30,14.0.168.191,or.takeaway.pay,,,,"{'list': array([{'item': {'List': 0, 'Param': 'CityID', 'Value': '0'}},
       {'item': {'List': 0, 'Param': 'Lang', 'Value': 'hk'}},
       {'item': {'List': 0, 'Param': 'Ver', 'Value': '7.20.5'}},
       {'item': {'List': 0, 'Param': 'sr', 'Value': 'payment'}},
       {'item': {'List': 0, 'Param': 'poiId', 'Value': '1135147'}}],
      dtype=object)}",CityID:0;Lang:hk;Ver:7.20.5;sr:payment;poiId:1135147,Events,OpenRice_iOS/7.20.5 (iPhone; iOS 26.6.2);Lang:zh-HK,OpenRice,production-orga-openrice-netcore-app-67b5c6675c-j2lhc,2026-09-15 07:07:01+00:00,ios
967536,f056f88d-d2ad-4051-af5b-0b81ecd249bf,2026-09-15 07:28:25.700000+00:00,23363770-a8ea-44c0-97a3-24f6cb199b30,123.136.14.226,or.app.resume,,,,"{'list': array([{'item': {'List': 0, 'Param': 'CityID', 'Value': '0'}},
       {'item': {'List': 0, 'Param': 'Lang', 'Value': 'hk'}},
       {'item': {'List': 0, 'Param': 'Ver', 'Value': '7.20.5'}}],
      dtype=object)}",CityID:0;Lang:hk;Ver:7.20.5,Events,OpenRice_iOS/7.20.5 (iPhone; iOS 26.6.2);Lang:zh-HK,OpenRice,production-orga-openrice-netcore-app-67b5c6675c-9plj9,2026-09-15 07:35:01+00:00,ios
967536,f056f88d-d2ad-4051-af5b-0b81ecd249bf,2026-09-15 07:43:01.800000+00:00,23363770-a8ea-44c0-97a3-24f6cb199b30,123.136.14.226,or.app.resume,,,,"{'list': array([{'item': {'List': 0, 'Param': 'CityID', 'Value': '0'}},
       {'item': {'List': 0, 'Param': 'Lang', 'Value': 'hk'}},
       {'item': {'List': 0, 'Param': 'Ver', 'Value': '7.20.5'}}],
      dtype=object)}",CityID:0;Lang:hk;Ver:7.20.5,Events,OpenRice_iOS/7.20.5 (iPhone; iOS 26.6.2);Lang:zh-HK,OpenRice,production-orga-openrice-netcore-app-67b5c6675c-9plj9,2026-09-15 07:35:01+00:00,ios
967536,f056f88d-d2ad-4051-af5b-0b81ecd249bf,2026-09-15 07:55:55.300000+00:00,23363770-a8ea-44c0-97a3-24f6cb199b30,123.136.14.226,or.app.resume,,,,"{'list': array([{'item': {'List': 0, 'Param': 'CityID', 'Value': '0'}},
       {'item': {'List': 0, 'Param': 'Lang', 'Value': 'hk'}},
       {'item': {'List': 0, 'Param': 'Ver', 'Value': '7.20.5'}}],
      dtype=object)}",CityID:0;Lang:hk;Ver:7.20.5,Events,OpenRice_iOS/7.20.5 (iPhone; iOS 26.6.2);Lang:zh-HK,OpenRice,production-orga-openrice-netcore-app-67b5c6675c-9plj9,2026-09-15 07:35:01+00:00,ios
967536,f056f88d-d2ad-4051-af5b-0b81ecd249bf,2026-09-15 07:55:57.100000+00:00,23363770-a8ea-44c0-97a3-24f6cb199b30,123.136.14.226,or.myor.orderList,,,,"{'list': array([{'item': {'List': 0, 'Param': '(null)', 'Value': ''}},
       {'item': {'List': 0, 'Param': 'sn', 'Value': 'HK.Home'}}],
      dtype=object)}",(null);sn:HK.Home,Events,OpenRice_iOS/7.20.5 (iPhone; iOS 26.6.2);Lang:zh-HK,OpenRice,production-orga-openrice-netcore-app-67b5c6675c-9plj9,2026-09-15 07:35:01+00:00,ios
967536,f056f88d-d2ad-4051-af5b-0b81ecd249bf,2026-09-15 07:55:59.800000+00:00,23363770-a8ea-44c0-97a3-24f6cb199b30,123.136.14.226,or.qcksearch,,,,"{'list': array([{'item': {'List': 0, 'Param': 'CityID', 'Value': '0'}},
       {'item': {'List': 0, 'Param': 'sr', 'Value': 'Index'}},
       {'item': {'List': 0, 'Param': 'sn', 'Value': 'HK.Home'}}],
      dtype=object)}",CityID:0;sr:Index;sn:HK.Home,Events,OpenRice_iOS/7.20.5 (iPhone; iOS 26.6.2);Lang:zh-HK,OpenRice,production-orga-openrice-netcore-app-67b5c6675c-9plj9,2026-09-15 07:35:01+00:00,ios
967536,f056f88d-d2ad-4051-af5b-0b81ecd249bf,2026-09-15 07:56:01.500000+00:00,23363770-a8ea-44c0-97a3-24f6cb199b30,123.136.14.226,or.search.layer,,,,"{'list': array([{'item': {'List': 0, 'Param': 'CityID', 'Value': '0'}},
       {'item': {'List': 0, 'Param': 'Lang', 'Value': 'hk'}},
       {'item': {'List': 0, 'Param': 'Ver', 'Value': '7.20.5'}},
       {'item': {'List': 0, 'Param': 'sn', 'Value': 'HK.QckSearch'}}],
      dtype=object)}",CityID:0;Lang:hk;Ver:7.20.5;sn:HK.QckSearch,Events,OpenRice_iOS/7.20.5 (iPhone; iOS 26.6.2);Lang:zh-HK,OpenRice,production-orga-openrice-netcore-app-67b5c6675c-9plj9,2026-09-15 07:35:01+00:00,ios
967536,f056f88d-d2ad-4051-af5b-0b81ecd249bf,2026-09-15 07:56:01.700000+00:00,23363770-a8ea-44c0-97a3-24f6cb199b30,123.136.14.226,or.search.nearby,,,,"{'list': array([{'item': {'List': 0, 'Param': 'SortFlt', 'Value': 'Distance'}},
       {'item': {'List': 0, 'Param': 'Page', 'Value': '1'}},
       {'item': {'List': 0, 'Param': 'savehistory', 'Value': 'true'}},
       {'item': {'List': 0, 'Param': 'withinDistance', 'Value': '1'}},
       {'item': {'List': 0, 'Param': 'geo', 'Value': 'wgs84,22.278292,114.168719,wgs84'}},
       {'item': {'List': 0, 'Param': 'CityID', 'Value': '0'}},
       {'item': {'List': 0, 'Param': 'Lang', 'Value': 'hk'}},
       {'item': {'List': 0, 'Param': 'Ver', 'Value': '7.20.5'}},
       {'item': {'List': 0, 'Param': 'sr', 'Value': 'qcksearch'}},
       {'item': {'List': 0, 'Param': 'sn', 'Value': 'HK.QckSearch'}}],
      dtype=object)}","SortFlt:Distance;Page:1;savehistory:true;withinDistance:1;geo:wgs84,22.278292,114.168719,wgs84;CityID:0;Lang:hk;Ver:7.20.5;sr:qcksearch;sn:HK.QckSearch",Events,OpenRice_iOS/7.20.5 (iPhone; iOS 26.6.2);Lang:zh-HK,OpenRice,production-orga-openrice-netcore-app-67b5c6675c-9plj9,2026-09-15 07:35:01+00:00,ios
967536,f056f88d-d2ad-4051-af5b-0b81ecd249bf,2026-09-15 07:56:02.200000+00:00,23363770-a8ea-44c0-97a3-24f6cb199b30,123.136.14.226,impression.sponsor.poi,,,,"{'list': array([{'item': {'List': 0, 'Param': 'CityID', 'Value': '0'}},
       {'item': {'List': 0, 'Param': 'Lang', 'Value': 'hk'}},
       {'item': {'List': 0, 'Param': 'Ver', 'Value': '7.20.5'}},
       {'item': {'List': 0, 'Param': 'POIID', 'Value': '887777'}},
       {'item': {'List': 0, 'Param': 'Type', 'Value': 'General'}},
       {'item': {'List': 0, 'Param': 'sr', 'Value': '2'}},
       {'item': {'List': 0, 'Param': 'poiTypeId', 'Value': '1'}},
       {'item': {'List': 0, 'Param': 'sn', 'Value': 'HK.QckSearch'}}],
      dtype=object)}",CityID:0;Lang:hk;Ver:7.20.5;POIID:887777;Type:General;sr:2;poiTypeId:1;sn:HK.QckSearch,Events,OpenRice_iOS/7.20.5 (iPhone; iOS 26.6.2);Lang:zh-HK,OpenRice,production-orga-openrice-netcore-app-67b5c6675c-9plj9,2026-09-15 07:35:01+00:00,ios
967536,f056f88d-d2ad-4051-af5b-0b81ecd249bf,2026-09-15 07:56:02.200000+00:00,23363770-a8ea-44c0-97a3-24f6cb199b30,123.136.14.226,impression.poi,,,,"{'list': array([{'item': {'List': 0, 'Param': 'CityID', 'Value': '0'}},
       {'item': {'List': 0, 'Param': 'Lang', 'Value': 'hk'}},
       {'item': {'List': 0, 'Param': 'Ver', 'Value': '7.20.5'}},
       {'item': {'List': 0, 'Param': 'POIID', 'Value': '1106148'}},
       {'item': {'List': 0, 'Param': 'Type', 'Value': 'General'}},
       {'item': {'List': 0, 'Param': 'sr', 'Value': '2'}},
       {'item': {'List': 0, 'Param': 'poiTypeId', 'Value': '1'}},
       {'item': {'List': 0, 'Param': 'sn', 'Value': 'HK.QckSearch'}}],
      dtype=object)}",CityID:0;Lang:hk;Ver:7.20.5;POIID:1106148;Type:General;sr:2;poiTypeId:1;sn:HK.QckSearch,Events,OpenRice_iOS/7.20.5 (iPhone; iOS 26.6.2);Lang:zh-HK,OpenRice,production-orga-openrice-netcore-app-67b5c6675c-9plj9,2026-09-15 07:35:01+00:00,ios
967536,f056f88d-d2ad-4051-af5b-0b81ecd249bf,2026-09-15 07:56:04+00:00,23363770-a8ea-44c0-97a3-24f6cb199b30,123.136.14.226,or.search.layer,,,,"{'list': array([{'item': {'List': 0, 'Param': 'CityID', 'Value': '0'}},
       {'item': {'List': 0, 'Param': 'Lang', 'Value': 'hk'}},
       {'item': {'List': 0, 'Param': 'Ver', 'Value': '7.20.5'}},
       {'item': {'List': 0, 'Param': 'sn', 'Value': 'HK.QckSearch'}}],
      dtype=object)}",CityID:0;Lang:hk;Ver:7.20.5;sn:HK.QckSearch,Events,OpenRice_iOS/7.20.5 (iPhone; iOS 26.6.2);Lang:zh-HK,OpenRice,production-orga-openrice-netcore-app-67b5c6675c-9plj9,2026-09-15 07:35:01+00:00,ios
967536,f056f88d-d2ad-4051-af5b-0b81ecd249bf,2026-09-15 07:56:16.400000+00:00,23363770-a8ea-44c0-97a3-24f6cb199b30,123.136.14.226,or.search.layer.tips,,,,"{'list': array([{'item': {'List': 0, 'Param': 'CityID', 'Value': '0'}},
       {'item': {'List': 0, 'Param': 'Lang', 'Value': 'hk'}},
       {'item': {'List': 0, 'Param': 'Ver', 'Value': '7.20.5'}},
       {'item': {'List': 0, 'Param': 'sn', 'Value': 'HK.search.layer'}},
       {'item': {'List': 0, 'Param': 'poiId', 'Value': '16379'}}],
      dtype=object)}",CityID:0;Lang:hk;Ver:7.20.5;sn:HK.search.layer;poiId:16379,Events,OpenRice_iOS/7.20.5 (iPhone; iOS 26.6.2);Lang:zh-HK,OpenRice,production-orga-openrice-netcore-app-67b5c6675c-9plj9,2026-09-15 07:35:01+00:00,ios
967536,f056f88d-d2ad-4051-af5b-0b81ecd249bf,2026-09-15 07:56:16.500000+00:00,23363770-a8ea-44c0-97a3-24f6cb199b30,123.136.14.226,or.poi.get-details,,,,"{'list': array([{'item': {'List': 0, 'Param': 'CityID', 'Value': '0'}},
       {'item': {'List': 0, 'Param': 'Lang', 'Value': 'hk'}},
       {'item': {'List': 0, 'Param': 'Ver', 'Value': '7.20.5'}},
       {'item': {'List': 0, 'Param': 'POIID', 'Value': '16379'}},
       {'item': {'List': 0, 'Param': 'sr', 'Value': 'search_key_in'}},
       {'item': {'List': 0, 'Param': 'sn', 'Value': 'HK.search.layer'}}],
      dtype=object)}",CityID:0;Lang:hk;Ver:7.20.5;POIID:16379;sr:search_key_in;sn:HK.search.layer,Events,OpenRice_iOS/7.20.5 (iPhone; iOS 26.6.2);Lang:zh-HK,OpenRice,production-orga-openrice-netcore-app-67b5c6675c-9plj9,2026-09-15 07:35:01+00:00,ios
967536,f056f88d-d2ad-4051-af5b-0b81ecd249bf,2026-09-15 07:56:16.500000+00:00,23363770-a8ea-44c0-97a3-24f6cb199b30,123.136.14.226,or.poi.get-overview,,,,"{'list': array([{'item': {'List': 0, 'Param': 'CityID', 'Value': '0'}},
       {'item': {'List': 0, 'Param': 'Lang', 'Value': 'hk'}},
       {'item': {'List': 0, 'Param': 'Ver', 'Value': '7.20.5'}},
       {'item': {'List': 0, 'Param': 'POIID', 'Value': '16379'}},
       {'item': {'List': 0, 'Param': 'sn', 'Value': 'HK.search.layer'}}],
      dtype=object)}",CityID:0;Lang:hk;Ver:7.20.5;POIID:16379;sn:HK.search.layer,Events,OpenRice_iOS/7.20.5 (iPhone; iOS 26.6.2);Lang:zh-HK,OpenRice,production-orga-openrice-netcore-app-67b5c6675c-9plj9,2026-09-15 07:35:01+00:00,ios
967536,f056f88d-d2ad-4051-af5b-0b81ecd249bf,2026-09-15 07:56:24.200000+00:00,23363770-a8ea-44c0-97a3-24f6cb199b30,123.136.14.226,or.poi.map,,,,"{'list': array([{'item': {'List': 0, 'Param': 'CityID', 'Value': '0'}},
       {'item': {'List': 0, 'Param': 'Lang', 'Value': 'hk'}},
       {'item': {'List': 0, 'Param': 'Ver', 'Value': '7.20.5'}},
       {'item': {'List': 0, 'Param': 'POIID', 'Value': '16379'}},
       {'item': {'List': 0, 'Param': 'poiTypeId', 'Value': '1'}},
       {'item': {'List': 0, 'Param': 'sn', 'Value': 'HK.SR2.Overview.16379'}}],
      dtype=object)}",CityID:0;Lang:hk;Ver:7.20.5;POIID:16379;poiTypeId:1;sn:HK.SR2.Overview.16379,Events,OpenRice_iOS/7.20.5 (iPhone; iOS 26.6.2);Lang:zh-HK,OpenRice,production-orga-openrice-netcore-app-67b5c6675c-9plj9,2026-09-15 07:35:01+00:00,ios
967536,f056f88d-d2ad-4051-af5b-0b81ecd249bf,2026-09-15 07:56:28.400000+00:00,23363770-a8ea-44c0-97a3-24f6cb199b30,123.136.14.226,impression.poi,,,,"{'list': array([{'item': {'List': 0, 'Param': 'CityID', 'Value': '0'}},
       {'item': {'List': 0, 'Param': 'Lang', 'Value': 'hk'}},
       {'item': {'List': 0, 'Param': 'Ver', 'Value': '7.20.5'}},
       {'item': {'List': 0, 'Param': 'POIID', 'Value': '645506'}},
       {'item': {'List': 0, 'Param': 'Type', 'Value': 'General'}},
       {'item': {'List': 0, 'Param': 'sr', 'Value': '6'}},
       {'item': {'List': 0, 'Param': 'poiTypeId', 'Value': '1'}},
       {'item': {'List': 0, 'Param': 'sn', 'Value': 'HK.SR2.Overview.16379'}}],
      dtype=object)}",CityID:0;Lang:hk;Ver:7.20.5;POIID:645506;Type:General;sr:6;poiTypeId:1;sn:HK.SR2.Overview.16379,Events,OpenRice_iOS/7.20.5 (iPhone; iOS 26.6.2);Lang:zh-HK,OpenRice,production-orga-openrice-netcore-app-67b5c6675c-j2lhc,2026-09-15 07:35:01+00:00,ios
967536,f056f88d-d2ad-4051-af5b-0b81ecd249bf,2026-09-15 07:56:28.400000+00:00,23363770-a8ea-44c0-97a3-24f6cb199b30,123.136.14.226,impression.poi,,,,"{'list': array([{'item': {'List': 0, 'Param': 'CityID', 'Value': '0'}},
       {'item': {'List': 0, 'Param': 'Lang', 'Value': 'hk'}},
       {'item': {'List': 0, 'Param': 'Ver', 'Value': '7.20.5'}},
       {'item': {'List': 0, 'Param': 'POIID', 'Value': '842663'}},
       {'item': {'List': 0, 'Param': 'Type', 'Value': 'General'}},
       {'item': {'List': 0, 'Param': 'sr', 'Value': '6'}},
       {'item': {'List': 0, 'Param': 'poiTypeId', 'Value': '1'}},
       {'item': {'List': 0, 'Param': 'sn', 'Value': 'HK.SR2.Overview.16379'}}],
      dtype=object)}",CityID:0;Lang:hk;Ver:7.20.5;POIID:842663;Type:General;sr:6;poiTypeId:1;sn:HK.SR2.Overview.16379,Events,OpenRice_iOS/7.20.5 (iPhone; iOS 26.6.2);Lang:zh-HK,OpenRice,production-orga-openrice-netcore-app-67b5c6675c-j2lhc,2026-09-15 07:35:01+00:00,ios
967536,f056f88d-d2ad-4051-af5b-0b81ecd249bf,2026-09-15 07:56:28.500000+00:00,23363770-a8ea-44c0-97a3-24f6cb199b30,123.136.14.226,impression.poi,,,,"{'list': array([{'item': {'List': 0, 'Param': 'CityID', 'Value': '0'}},
       {'item': {'List': 0, 'Param': 'Lang', 'Value': 'hk'}},
       {'item': {'List': 0, 'Param': 'Ver', 'Value': '7.20.5'}},
       {'item': {'List': 0, 'Param': 'POIID', 'Value': '805186'}},
       {'item': {'List': 0, 'Param': 'Type', 'Value': 'General'}},
       {'item': {'List': 0, 'Param': 'sr', 'Value': '6'}},
       {'item': {'List': 0, 'Param': 'poiTypeId', 'Value': '1'}},
       {'item': {'List': 0, 'Param': 'sn', 'Value': 'HK.SR2.Overview.16379'}}],
      dtype=object)}",CityID:0;Lang:hk;Ver:7.20.5;POIID:805186;Type:General;sr:6;poiTypeId:1;sn:HK.SR2.Overview.16379,Events,OpenRice_iOS/7.20.5 (iPhone; iOS 26.6.2);Lang:zh-HK,OpenRice,production-orga-openrice-netcore-app-67b5c6675c-j2lhc,2026-09-15 07:35:01+00:00,ios
693064,ac224d2f-4326-4a83-b662-ea697ee607b1,2026-09-15 07:30:29.200000+00:00,baa5ec66-5dd1-4c20-902e-1299b633d013,14.0.227.56,or.app.resume,,,,"{'list': array([{'item': {'List': 0, 'Param': 'CityID', 'Value': '0'}},
       {'item': {'List': 0, 'Param': 'Lang', 'Value': 'hk'}},
       {'item': {'List': 0, 'Param': 'Ver', 'Value': '7.20.5'}}],
      dtype=object)}",CityID:0;Lang:hk;Ver:7.20.5,Events,OpenRice_iOS/7.20.5 (iPhone; iOS 26.6.2);Lang:zh-HK,OpenRice,production-orga-openrice-netcore-app-67b5c6675c-9plj9,2026-09-15 07:09:01+00:00,ios
693064,ac224d2f-4326-4a83-b662-ea697ee607b1,2026-09-15 07:30:30.100000+00:00,baa5ec66-5dd1-4c20-902e-1299b633d013,14.0.227.56,or.app.start,,,,"{'list': array([{'item': {'List': 0, 'Param': 'CityID', 'Value': '0'}},
       {'item': {'List': 0, 'Param': 'Lang', 'Value': 'hk'}},
       {'item': {'List': 0, 'Param': 'Ver', 'Value': '7.20.5'}},
       {'item': {'List': 0, 'Param': 'device', 'Value': 'iPhone 13'}}],
      dtype=object)}",CityID:0;Lang:hk;Ver:7.20.5;device:iPhone 13,Events,OpenRice_iOS/7.20.5 (iPhone; iOS 26.6.2);Lang:zh-HK,OpenRice,production-orga-openrice-netcore-app-67b5c6675c-9plj9,2026-09-15 07:09:01+00:00,ios
693064,ac224d2f-4326-4a83-b662-ea697ee607b1,2026-09-15 07:30:34.500000+00:00,baa5ec66-5dd1-4c20-902e-1299b633d013,14.0.227.56,myor.search.bkmPOI,,,,"{'list': array([{'item': {'List': 0, 'Param': 'CityID', 'Value': '0'}},
       {'item': {'List': 0, 'Param': 'Lang', 'Value': 'hk'}},
       {'item': {'List': 0, 'Param': 'Ver', 'Value': '7.20.5'}},
       {'item': {'List': 0, 'Param': 'sr', 'Value': 'btmBar'}},
       {'item': {'List': 0, 'Param': 'sn', 'Value': 'HK.Home'}}],
      dtype=object)}",CityID:0;Lang:hk;Ver:7.20.5;sr:btmBar;sn:HK.Home,Events,OpenRice_iOS/7.20.5 (iPhone; iOS 26.6.2);Lang:zh-HK,OpenRice,production-orga-openrice-netcore-app-67b5c6675c-9plj9,2026-09-15 07:09:01+00:00,ios
693064,ac224d2f-4326-4a83-b662-ea697ee607b1,2026-09-15 07:30:34.600000+00:00,baa5ec66-5dd1-4c20-902e-1299b633d013,14.0.227.56,or.myor.bkmPOI,,,,"{'list': array([{'item': {'List': 0, 'Param': 'CityID', 'Value': '0'}},
       {'item': {'List': 0, 'Param': 'Lang', 'Value': 'hk'}},
       {'item': {'List': 0, 'Param': 'Ver', 'Value': '7.20.5'}},
       {'item': {'List': 0, 'Param': 'sr', 'Value': 'btmBar'}},
       {'item': {'List': 0, 'Param': 'sn', 'Value': 'HK.Home'}}],
      dtype=object)}",CityID:0;Lang:hk;Ver:7.20.5;sr:btmBar;sn:HK.Home,Events,OpenRice_iOS/7.20.5 (iPhone; iOS 26.6.2);Lang:zh-HK,OpenRice,production-orga-openrice-netcore-app-67b5c6675c-9plj9,2026-09-15 07:09:01+00:00,ios
693064,ac224d2f-4326-4a83-b662-ea697ee607b1,2026-09-15 07:30:36.400000+00:00,baa5ec66-5dd1-4c20-902e-1299b633d013,14.0.227.56,myor.search.bkmPOI,,,,"{'list': array([{'item': {'List': 0, 'Param': 'CatFlt', 'Value': '7'}},
       {'item': {'List': 0, 'Param': 'SortFlt', 'Value': 'BookmarkTimeDesc'}},
       {'item': {'List': 0, 'Param': 'Page', 'Value': '1'}},
       {'item': {'List': 0, 'Param': 'bookmarkedOnly', 'Value': 'true'}},
       {'item': {'List': 0, 'Param': 'CityID', 'Value': '0'}},
       {'item': {'List': 0, 'Param': 'Lang', 'Value': 'hk'}},
       {'item': {'List': 0, 'Param': 'Ver', 'Value': '7.20.5'}},
       {'item': {'List': 0, 'Param': 'sn', 'Value': 'HK.MyBookmarkCat.1'}}],
      dtype=object)}",CatFlt:7;SortFlt:BookmarkTimeDesc;Page:1;bookmarkedOnly:true;CityID:0;Lang:hk;Ver:7.20.5;sn:HK.MyBookmarkCat.1,Events,OpenRice_iOS/7.20.5 (iPhone; iOS 26.6.2);Lang:zh-HK,OpenRice,production-orga-openrice-netcore-app-67b5c6675c-9plj9,2026-09-15 07:09:01+00:00,ios
693064,ac224d2f-4326-4a83-b662-ea697ee607b1,2026-09-15 07:30:36.900000+00:00,baa5ec66-5dd1-4c20-902e-1299b633d013,14.0.227.56,impression.poi,,,,"{'list': array([{'item': {'List': 0, 'Param': 'CityID', 'Value': '0'}},
       {'item': {'List': 0, 'Param': 'Lang', 'Value': 'hk'}},
       {'item': {'List': 0, 'Param': 'Ver', 'Value': '7.20.5'}},
       {'item': {'List': 0, 'Param': 'POIID', 'Value': '743702'}},
       {'item': {'List': 0, 'Param': 'Type', 'Value': 'General'}},
       {'item': {'List': 0, 'Param': 'sr', 'Value': '7'}},
       {'item': {'List': 0, 'Param': 'poiTypeId', 'Value': '1'}},
       {'item': {'List': 0, 'Param': 'sn', 'Value': 'HK.MyBookmarkedPOI.1'}}],
      dtype=object)}",CityID:0;Lang:hk;Ver:7.20.5;POIID:743702;Type:General;sr:7;poiTypeId:1;sn:HK.MyBookmarkedPOI.1,Events,OpenRice_iOS/7.20.5 (iPhone; iOS 26.6.2);Lang:zh-HK,OpenRice,production-orga-openrice-netcore-app-67b5c6675c-9plj9,2026-09-15 07:09:01+00:00,ios
693064,ac224d2f-4326-4a83-b662-ea697ee607b1,2026-09-15 07:30:38.100000+00:00,baa5ec66-5dd1-4c20-902e-1299b633d013,14.0.227.56,or.takeaway.order,,,,"{'list': array([{'item': {'List': 0, 'Param': 'CityID', 'Value': '0'}},
       {'item': {'List': 0, 'Param': 'Lang', 'Value': 'hk'}},
       {'item': {'List': 0, 'Param': 'Ver', 'Value': '7.20.5'}},
       {'item': {'List': 0, 'Param': 'POIID', 'Value': '743702'}},
       {'item': {'List': 0, 'Param': 'sr', 'Value': 'mybmk'}},
       {'item': {'List': 0, 'Param': 'sn', 'Value': 'HK.Takeaway.order.743702'}}],
      dtype=object)}",CityID:0;Lang:hk;Ver:7.20.5;POIID:743702;sr:mybmk;sn:HK.Takeaway.order.743702,Events,OpenRice_iOS/7.20.5 (iPhone; iOS 26.6.2);Lang:zh-HK,OpenRice,production-orga-openrice-netcore-app-67b5c6675c-9plj9,2026-09-15 07:09:01+00:00,ios
693064,ac224d2f-4326-4a83-b662-ea697ee607b1,2026-09-15 07:31:06.900000+00:00,baa5ec66-5dd1-4c20-902e-1299b633d013,14.0.227.56,or.takeaway.view-basket,,,,"{'list': array([{'item': {'List': 0, 'Param': 'CityID', 'Value': '0'}},
       {'item': {'List': 0, 'Param': 'Lang', 'Value': 'hk'}},
       {'item': {'List': 0, 'Param': 'Ver', 'Value': '7.20.5'}},
       {'item': {'List': 0, 'Param': 'sr', 'Value': 'menu'}},
       {'item': {'List': 0, 'Param': 'POIID', 'Value': '743702'}},
       {'item': {'List': 0, 'Param': 'sn', 'Value': 'HK.Takeaway.order.743702'}}],
      dtype=object)}",CityID:0;Lang:hk;Ver:7.20.5;sr:menu;POIID:743702;sn:HK.Takeaway.order.743702,Events,OpenRice_iOS/7.20.5 (iPhone; iOS 26.6.2);Lang:zh-HK,OpenRice,production-orga-openrice-netcore-app-67b5c6675c-j2lhc,2026-09-15 07:10:01+00:00,ios
693064,ac224d2f-4326-4a83-b662-ea697ee607b1,2026-09-15 07:31:53.600000+00:00,baa5ec66-5dd1-4c20-902e-1299b633d013,14.0.227.56,or.takeaway.checkout,,,,"{'list': array([{'item': {'List': 0, 'Param': 'CityID', 'Value': '0'}},
       {'item': {'List': 0, 'Param': 'Lang', 'Value': 'hk'}},
       {'item': {'List': 0, 'Param': 'Ver', 'Value': '7.20.5'}},
       {'item': {'List': 0, 'Param': 'sr', 'Value': 'basket'}},
       {'item': {'List': 0, 'Param': 'POIID', 'Value': '743702'}},
       {'item': {'List': 0, 'Param': 'sn', 'Value': 'HK.Takeaway.basket.743702'}}],
      dtype=object)}",CityID:0;Lang:hk;Ver:7.20.5;sr:basket;POIID:743702;sn:HK.Takeaway.basket.743702,Events,OpenRice_iOS/7.20.5 (iPhone; iOS 26.6.2);Lang:zh-HK,OpenRice,production-orga-openrice-netcore-app-67b5c6675c-b4jfn,2026-09-15 07:11:01+00:00,ios
693064,ac224d2f-4326-4a83-b662-ea697ee607b1,2026-09-15 07:31:59.900000+00:00,baa5ec66-5dd1-4c20-902e-1299b633d013,14.0.227.56,or.takeaway.place-order,,,,"{'list': array([{'item': {'List': 0, 'Param': 'CityID', 'Value': '0'}},
       {'item': {'List': 0, 'Param': 'Lang', 'Value': 'hk'}},
       {'item': {'List': 0, 'Param': 'Ver', 'Value': '7.20.5'}},
       {'item': {'List': 0, 'Param': 'sr', 'Value': 'checkout'}},
       {'item': {'List': 0, 'Param': 'POIID', 'Value': '743702'}},
       {'item': {'List': 0, 'Param': 'PromoCode', 'Value': 'None'}},
       {'item': {'List': 0, 'Param': 'sn', 'Value': 'HK.Takeaway.checkout.743702'}}],
      dtype=object)}",CityID:0;Lang:hk;Ver:7.20.5;sr:checkout;POIID:743702;PromoCode:None;sn:HK.Takeaway.checkout.743702,Events,OpenRice_iOS/7.20.5 (iPhone; iOS 26.6.2);Lang:zh-HK,OpenRice,production-orga-openrice-netcore-app-67b5c6675c-b4jfn,2026-09-15 07:11:01+00:00,ios
693064,ac224d2f-4326-4a83-b662-ea697ee607b1,2026-09-15 07:32:05.700000+00:00,baa5ec66-5dd1-4c20-902e-1299b633d013,14.0.227.56,or.takeaway.pay,,,,"{'list': array([{'item': {'List': 0, 'Param': 'CityID', 'Value': '0'}},
       {'item': {'List': 0, 'Param': 'Lang', 'Value': 'hk'}},
       {'item': {'List': 0, 'Param': 'Ver', 'Value': '7.20.5'}},
       {'item': {'List': 0, 'Param': 'sr', 'Value': 'payment'}},
       {'item': {'List': 0, 'Param': 'poiId', 'Value': '743702'}}],
      dtype=object)}",CityID:0;Lang:hk;Ver:7.20.5;sr:payment;poiId:743702,Events,OpenRice_iOS/7.20.5 (iPhone; iOS 26.6.2);Lang:zh-HK,OpenRice,production-orga-openrice-netcore-app-67b5c6675c-9plj9,2026-09-15 07:12:01+00:00,ios
693064,ac224d2f-4326-4a83-b662-ea697ee607b1,2026-09-15 07:32:32.600000+00:00,baa5ec66-5dd1-4c20-902e-1299b633d013,14.0.227.56,or.app.resume,,,,"{'list': array([{'item': {'List': 0, 'Param': 'CityID', 'Value': '0'}},
       {'item': {'List': 0, 'Param': 'Lang', 'Value': 'hk'}},
       {'item': {'List': 0, 'Param': 'Ver', 'Value': '7.20.5'}}],
      dtype=object)}",CityID:0;Lang:hk;Ver:7.20.5,Events,OpenRice_iOS/7.20.5 (iPhone; iOS 26.6.2);Lang:zh-HK,OpenRice,production-orga-openrice-netcore-app-67b5c6675c-9plj9,2026-09-15 07:12:01+00:00,ios
693064,ac224d2f-4326-4a83-b662-ea697ee607b1,2026-09-15 07:33:11.600000+00:00,baa5ec66-5dd1-4c20-902e-1299b633d013,14.0.155.4,or.myor.orderList,,,,"{'list': array([{'item': {'List': 0, 'Param': '(null)', 'Value': ''}},
       {'item': {'List': 0, 'Param': 'sn', 'Value': 'HK.Home'}}],
      dtype=object)}",(null);sn:HK.Home,Events,OpenRice_iOS/7.20.5 (iPhone; iOS 26.6.2);Lang:zh-HK,OpenRice,production-orga-openrice-netcore-app-67b5c6675c-b4jfn,2026-09-15 16:37:02+00:00,ios
900640,dfc1b3ddecfc2e15,2026-09-15 07:31:16.700000+00:00,ccd4ca35-35e7-40ad-97d5-3e7b9f1ed2b3,182.239.120.86,or.app.start,,,,"{'list': array([{'item': {'List': 0, 'Param': 'CityID', 'Value': '0'}},
       {'item': {'List': 0, 'Param': 'Lang', 'Value': 'zh-HK'}},
       {'item': {'List': 0, 'Param': 'Ver', 'Value': '7.20.4'}},
       {'item': {'List': 0, 'Param': 'Device', 'Value': 'q7q'}},
       {'item': {'List': 0, 'Param': 'Lang', 'Value': 'zh_HK'}},
       {'item': {'List': 0, 'Param': 'Ver', 'Value': '7.20.4'}}],
      dtype=object)}",CityID:0; Lang:zh-HK; Ver:7.20.4; Device:q7q;Lang:zh_HK;Ver:7.20.4,Events,Openrice_Android/7.20.4 (Android; 36) [SM-F9660];Lang:zh-HK,OpenRice,production-orga-openrice-netcore-app-67b5c6675c-9plj9,2026-09-15 07:10:01+00:00,android
900640,dfc1b3ddecfc2e15,2026-09-15 07:31:16.900000+00:00,ccd4ca35-35e7-40ad-97d5-3e7b9f1ed2b3,182.239.120.86,or.app.start,,,,"{'list': array([{'item': {'List': 0, 'Param': 'CityID', 'Value': '0'}},
       {'item': {'List': 0, 'Param': 'Lang', 'Value': 'zh-HK'}},
       {'item': {'List': 0, 'Param': 'Ver', 'Value': '7.20.4'}},
       {'item': {'List': 0, 'Param': 'Device', 'Value': 'q7q'}},
       {'item': {'List': 0, 'Param': 'Lang', 'Value': 'zh_HK'}},
       {'item': {'List': 0, 'Param': 'Ver', 'Value': '7.20.4'}}],
      dtype=object)}",CityID:0; Lang:zh-HK; Ver:7.20.4; Device:q7q;Lang:zh_HK;Ver:7.20.4,Events,Openrice_Android/7.20.4 (Android; 36) [SM-F9660];Lang:zh-HK,OpenRice,production-orga-openrice-netcore-app-67b5c6675c-9plj9,2026-09-15 07:10:01+00:00,android
900640,dfc1b3ddecfc2e15,2026-09-15 07:31:18.900000+00:00,ccd4ca35-35e7-40ad-97d5-3e7b9f1ed2b3,182.239.120.86,or.qcksearch,,,,"{'list': array([{'item': {'List': 0, 'Param': 'CityID', 'Value': '0'}},
       {'item': {'List': 0, 'Param': 'Lang', 'Value': 'zh_HK'}},
       {'item': {'List': 0, 'Param': 'Ver', 'Value': '7.20.4'}},
       {'item': {'List': 0, 'Param': 'sn', 'Value': 'hk.Home'}}],
      dtype=object)}",CityID:0;Lang:zh_HK;Ver:7.20.4; sn:hk.Home,Events,Openrice_Android/7.20.4 (Android; 36) [SM-F9660];Lang:zh-HK,OpenRice,production-orga-openrice-netcore-app-67b5c6675c-j2lhc,2026-09-15 07:10:01+00:00,android
900640,dfc1b3ddecfc2e15,2026-09-15 07:31:19+00:00,ccd4ca35-35e7-40ad-97d5-3e7b9f1ed2b3,182.239.120.86,or.search.layer,,,,"{'list': array([{'item': {'List': 0, 'Param': 'CityID', 'Value': '0'}},
       {'item': {'List': 0, 'Param': 'Lang', 'Value': 'zh_HK'}},
       {'item': {'List': 0, 'Param': 'Ver', 'Value': '7.20.4'}},
       {'item': {'List': 0, 'Param': 'sn', 'Value': 'hk.QckSearch'}}],
      dtype=object)}",CityID:0;Lang:zh_HK;Ver:7.20.4; sn:hk.QckSearch,Events,Openrice_Android/7.20.4 (Android; 36) [SM-F9660];Lang:zh-HK,OpenRice,production-orga-openrice-netcore-app-67b5c6675c-j2lhc,2026-09-15 07:10:01+00:00,android
900640,dfc1b3ddecfc2e15,2026-09-15 07:31:20.900000+00:00,ccd4ca35-35e7-40ad-97d5-3e7b9f1ed2b3,182.239.120.86,or.search.layer,,,,"{'list': array([{'item': {'List': 0, 'Param': 'CityID', 'Value': '0'}},
       {'item': {'List': 0, 'Param': 'Lang', 'Value': 'zh_HK'}},
       {'item': {'List': 0, 'Param': 'Ver', 'Value': '7.20.4'}},
       {'item': {'List': 0, 'Param': 'sn', 'Value': 'hk.QckSearch'}}],
      dtype=object)}",CityID:0;Lang:zh_HK;Ver:7.20.4; sn:hk.QckSearch,Events,Openrice_Android/7.20.4 (Android; 36) [SM-F9660];Lang:zh-HK,OpenRice,production-orga-openrice-netcore-app-67b5c6675c-j2lhc,2026-09-15 07:10:01+00:00,android
900640,dfc1b3ddecfc2e15,2026-09-15 07:31:26.200000+00:00,ccd4ca35-35e7-40ad-97d5-3e7b9f1ed2b3,182.239.120.86,or.poi.get-details,,,,"{'list': array([{'item': {'List': 0, 'Param': 'CityID', 'Value': '0'}},
       {'item': {'List': 0, 'Param': 'POIID', 'Value': '747656'}},
       {'item': {'List': 0, 'Param': 'poiTypeId', 'Value': '0'}},
       {'item': {'List': 0, 'Param': 'Sr', 'Value': 'search_key_in'}},
       {'item': {'List': 0, 'Param': 'Lang', 'Value': 'zh_HK'}},
       {'item': {'List': 0, 'Param': 'Ver', 'Value': '7.20.4'}},
       {'item': {'List': 0, 'Param': 'sn', 'Value': 'hk.Search.layer'}}],
      dtype=object)}",CityID:0;POIID:747656;poiTypeId:0;Sr:search_key_in;Lang:zh_HK;Ver:7.20.4; sn:hk.Search.layer,Events,Openrice_Android/7.20.4 (Android; 36) [SM-F9660];Lang:zh-HK,OpenRice,production-orga-openrice-netcore-app-67b5c6675c-j2lhc,2026-09-15 07:10:01+00:00,android
900640,dfc1b3ddecfc2e15,2026-09-15 07:31:26.200000+00:00,ccd4ca35-35e7-40ad-97d5-3e7b9f1ed2b3,182.239.120.86,or.poi.get-overview,,,,"{'list': array([{'item': {'List': 0, 'Param': 'CityID', 'Value': '0'}},
       {'item': {'List': 0, 'Param': 'POIID', 'Value': '747656'}},
       {'item': {'List': 0, 'Param': 'poiTypeId', 'Value': '0'}},
       {'item': {'List': 0, 'Param': 'Lang', 'Value': 'zh_HK'}},
       {'item': {'List': 0, 'Param': 'Ver', 'Value': '7.20.4'}},
       {'item': {'List': 0, 'Param': 'sn', 'Value': 'hk.Search.layer'}}],
      dtype=object)}",CityID:0;POIID:747656;poiTypeId:0;Lang:zh_HK;Ver:7.20.4; sn:hk.Search.layer,Events,Openrice_Android/7.20.4 (Android; 36) [SM-F9660];Lang:zh-HK,OpenRice,production-orga-openrice-netcore-app-67b5c6675c-j2lhc,2026-09-15 07:10:01+00:00,android
900640,dfc1b3ddecfc2e15,2026-09-15 07:31:26.200000+00:00,ccd4ca35-35e7-40ad-97d5-3e7b9f1ed2b3,182.239.120.86,or.search.layer.tips,,,,"{'list': array([{'item': {'List': 0, 'Param': 'CityId', 'Value': '0'}},
       {'item': {'List': 0, 'Param': 'Lang', 'Value': 'zh_HK'}},
       {'item': {'List': 0, 'Param': 'Ver', 'Value': '7.20.4'}},
       {'item': {'List': 0, 'Param': 'sn', 'Value': 'hk.Search.layer'}}],
      dtype=object)}",CityId:0;Lang:zh_HK;Ver:7.20.4; sn:hk.Search.layer,Events,Openrice_Android/7.20.4 (Android; 36) [SM-F9660];Lang:zh-HK,OpenRice,production-orga-openrice-netcore-app-67b5c6675c-j2lhc,2026-09-15 07:10:01+00:00,android
900640,dfc1b3ddecfc2e15,2026-09-15 07:31:28.400000+00:00,ccd4ca35-35e7-40ad-97d5-3e7b9f1ed2b3,182.239.120.86,or.takeaway.order,,,,"{'list': array([{'item': {'List': 0, 'Param': 'CityID', 'Value': '0'}},
       {'item': {'List': 0, 'Param': 'POIID', 'Value': '747656'}},
       {'item': {'List': 0, 'Param': 'PoiTypeId', 'Value': '1'}},
       {'item': {'List': 0, 'Param': 'Sr', 'Value': 'sr2Tab'}},
       {'item': {'List': 0, 'Param': 'Lang', 'Value': 'zh_HK'}},
       {'item': {'List': 0, 'Param': 'Ver', 'Value': '7.20.4'}},
       {'item': {'List': 0, 'Param': 'sn', 'Value': 'hk.SR2.overview.747656'}}],
      dtype=object)}",CityID:0; POIID:747656; PoiTypeId:1; Sr:sr2Tab;Lang:zh_HK;Ver:7.20.4; sn:hk.SR2.overview.747656,Events,Openrice_Android/7.20.4 (Android; 36) [SM-F9660];Lang:zh-HK,OpenRice,production-orga-openrice-netcore-app-67b5c6675c-j2lhc,2026-09-15 07:10:01+00:00,android
900640,dfc1b3ddecfc2e15,2026-09-15 07:31:28.500000+00:00,ccd4ca35-35e7-40ad-97d5-3e7b9f1ed2b3,182.239.120.86,or.poi.get-photos.menu,,,,"{'list': array([{'item': {'List': 0, 'Param': 'POIID', 'Value': '747656'}},
       {'item': {'List': 0, 'Param': 'poiTypeId', 'Value': '1'}},
       {'item': {'List': 0, 'Param': 'CityID', 'Value': '0'}},
       {'item': {'List': 0, 'Param': 'Sr', 'Value': 'sr2'}},
       {'item': {'List': 0, 'Param': 'Page No.', 'Value': '1'}},
       {'item': {'List': 0, 'Param': 'Lang', 'Value': 'zh_HK'}},
       {'item': {'List': 0, 'Param': 'Ver', 'Value': '7.20.4'}},
       {'item': {'List': 0, 'Param': 'sn', 'Value': 'HK.SR2.photo.menu.747656'}}],
      dtype=object)}",POIID:747656; poiTypeId:1; CityID:0;Sr:sr2;Page No.:1;Lang:zh_HK;Ver:7.20.4; sn:HK.SR2.photo.menu.747656,Events,Openrice_Android/7.20.4 (Android; 36) [SM-F9660];Lang:zh-HK,OpenRice,production-orga-openrice-netcore-app-67b5c6675c-j2lhc,2026-09-15 07:10:01+00:00,android
900640,dfc1b3ddecfc2e15,2026-09-15 07:31:32.700000+00:00,ccd4ca35-35e7-40ad-97d5-3e7b9f1ed2b3,182.239.120.86,poi.emenu.get-item,,,,"{'list': array([{'item': {'List': 0, 'Param': 'CityID', 'Value': '0'}},
       {'item': {'List': 0, 'Param': 'itemID', 'Value': 'ORI-368'}},
       {'item': {'List': 0, 'Param': 'Lang', 'Value': 'zh_HK'}},
       {'item': {'List': 0, 'Param': 'Ver', 'Value': '7.20.4'}},
       {'item': {'List': 0, 'Param': 'sn', 'Value': 'HK.SR2.Menu.747656'}}],
      dtype=object)}",CityID:0;itemID:ORI-368;Lang:zh_HK;Ver:7.20.4; sn:HK.SR2.Menu.747656,Events,Openrice_Android/7.20.4 (Android; 36) [SM-F9660];Lang:zh-HK,OpenRice,production-orga-openrice-netcore-app-67b5c6675c-j2lhc,2026-09-15 07:10:01+00:00,android
900640,dfc1b3ddecfc2e15,2026-09-15 07:31:43.500000+00:00,ccd4ca35-35e7-40ad-97d5-3e7b9f1ed2b3,182.239.120.86,or.takeaway.checkout,,,,"{'list': array([{'item': {'List': 0, 'Param': 'CityID', 'Value': '0'}},
       {'item': {'List': 0, 'Param': 'POIID', 'Value': '747656'}},
       {'item': {'List': 0, 'Param': 'Sr', 'Value': 'menu'}},
       {'item': {'List': 0, 'Param': 'Lang', 'Value': 'zh_HK'}},
       {'item': {'List': 0, 'Param': 'Ver', 'Value': '7.20.4'}}],
      dtype=object)}",CityID:0; POIID:747656; Sr:menu;Lang:zh_HK;Ver:7.20.4,Events,Openrice_Android/7.20.4 (Android; 36) [SM-F9660];Lang:zh-HK,OpenRice,production-orga-openrice-netcore-app-67b5c6675c-j2lhc,2026-09-15 07:10:01+00:00,android
900640,dfc1b3ddecfc2e15,2026-09-15 07:32:08.100000+00:00,ccd4ca35-35e7-40ad-97d5-3e7b9f1ed2b3,182.239.120.86,or.takeaway.place-order,,,,"{'list': array([{'item': {'List': 0, 'Param': 'CityID', 'Value': '0'}},
       {'item': {'List': 0, 'Param': 'POIID', 'Value': '747656'}},
       {'item': {'List': 0, 'Param': 'Sr', 'Value': 'checkout'}},
       {'item': {'List': 0, 'Param': 'Lang', 'Value': 'zh_HK'}},
       {'item': {'List': 0, 'Param': 'Ver', 'Value': '7.20.4'}}],
      dtype=object)}",CityID:0; POIID:747656 ; Sr:checkout;;Lang:zh_HK;Ver:7.20.4,Events,Openrice_Android/7.20.4 (Android; 36) [SM-F9660];Lang:zh-HK,OpenRice,production-orga-openrice-netcore-app-67b5c6675c-9plj9,2026-09-15 07:12:01+00:00,android
900640,dfc1b3ddecfc2e15,2026-09-15 07:32:15.800000+00:00,ccd4ca35-35e7-40ad-97d5-3e7b9f1ed2b3,182.239.120.86,or.takeaway.pay,,,,"{'list': array([{'item': {'List': 0, 'Param': 'CityId', 'Value': '0'}},
       {'item': {'List': 0, 'Param': 'POIID', 'Value': '747656'}},
       {'item': {'List': 0, 'Param': 'Sr', 'Value': 'payment'}},
       {'item': {'List': 0, 'Param': 'Lang', 'Value': 'zh_HK'}},
       {'item': {'List': 0, 'Param': 'Ver', 'Value': '7.20.4'}}],
      dtype=object)}",CityId:0; POIID:747656; Sr:payment;;Lang:zh_HK;Ver:7.20.4,Events,Openrice_Android/7.20.4 (Android; 36) [SM-F9660];Lang:zh-HK,OpenRice,production-orga-openrice-netcore-app-67b5c6675c-9plj9,2026-09-15 07:12:01+00:00,android
325898,50f5822a-8e8c-4475-aa44-0f01befa198e,2026-09-15 07:34:56.300000+00:00,74e3826d-4eaf-45a1-a77f-f043ecbc0eae,187.15.100.24,or.app.start,,,,"{'list': array([{'item': {'List': 0, 'Param': 'CityID', 'Value': '0'}},
       {'item': {'List': 0, 'Param': 'Lang', 'Value': 'hk'}},
       {'item': {'List': 0, 'Param': 'Ver', 'Value': '7.20.5'}},
       {'item': {'List': 0, 'Param': 'device', 'Value': 'iPhone18,3'}}],
      dtype=object)}","CityID:0;Lang:hk;Ver:7.20.5;device:iPhone18,3",Events,OpenRice_iOS/7.20.5 (iPhone; iOS 26.7);Lang:zh-HK,OpenRice,production-orga-openrice-netcore-app-67b5c6675c-9plj9,2026-09-15 07:14:01+00:00,ios
325898,50f5822a-8e8c-4475-aa44-0f01befa198e,2026-09-15 07:34:59.800000+00:00,74e3826d-4eaf-45a1-a77f-f043ecbc0eae,187.15.100.24,or.search.themelist.takeaway,,,,"{'list': array([{'item': {'List': 0, 'Param': 'SortFlt', 'Value': 'Distance'}},
       {'item': {'List': 0, 'Param': 'Page', 'Value': '1'}},
       {'item': {'List': 0, 'Param': 'takeAway', 'Value': 'true'}},
       {'item': {'List': 0, 'Param': 'geo', 'Value': 'wgs84,22.284536,114.153502,wgs84'}},
       {'item': {'List': 0, 'Param': 'outputGeoSys', 'Value': '0'}},
       {'item': {'List': 0, 'Param': 'CityID', 'Value': '0'}},
       {'item': {'List': 0, 'Param': 'Lang', 'Value': 'hk'}},
       {'item': {'List': 0, 'Param': 'Ver', 'Value': '7.20.5'}},
       {'item': {'List': 0, 'Param': 'sr', 'Value': 'Index'}},
       {'item': {'List': 0, 'Param': 'sn', 'Value': 'HK.ThemeList.Takeaway.1'}}],
      dtype=object)}","SortFlt:Distance;Page:1;takeAway:true;geo:wgs84,22.284536,114.153502,wgs84;outputGeoSys:0;CityID:0;Lang:hk;Ver:7.20.5;sr:Index;sn:HK.ThemeList.Takeaway.1",Events,OpenRice_iOS/7.20.5 (iPhone; iOS 26.7);Lang:zh-HK,OpenRice,production-orga-openrice-netcore-app-67b5c6675c-9plj9,2026-09-15 07:14:01+00:00,ios
325898,50f5822a-8e8c-4475-aa44-0f01befa198e,2026-09-15 07:35:04.300000+00:00,74e3826d-4eaf-45a1-a77f-f043ecbc0eae,187.15.100.24,or.qcksearch,,,,"{'list': array([{'item': {'List': 0, 'Param': 'CityID', 'Value': '0'}},
       {'item': {'List': 0, 'Param': 'sr', 'Value': 'Index'}},
       {'item': {'List': 0, 'Param': 'sn', 'Value': 'HK.Home'}}],
      dtype=object)}",CityID:0;sr:Index;sn:HK.Home,Events,OpenRice_iOS/7.20.5 (iPhone; iOS 26.7);Lang:zh-HK,OpenRice,production-orga-openrice-netcore-app-67b5c6675c-9plj9,2026-09-15 07:14:01+00:00,ios
325898,50f5822a-8e8c-4475-aa44-0f01befa198e,2026-09-15 07:35:05.500000+00:00,74e3826d-4eaf-45a1-a77f-f043ecbc0eae,187.15.100.24,or.search.layer,,,,"{'list': array([{'item': {'List': 0, 'Param': 'CityID', 'Value': '0'}},
       {'item': {'List': 0, 'Param': 'Lang', 'Value': 'hk'}},
       {'item': {'List': 0, 'Param': 'Ver', 'Value': '7.20.5'}},
       {'item': {'List': 0, 'Param': 'sn', 'Value': 'HK.QckSearch'}}],
      dtype=object)}",CityID:0;Lang:hk;Ver:7.20.5;sn:HK.QckSearch,Events,OpenRice_iOS/7.20.5 (iPhone; iOS 26.7);Lang:zh-HK,OpenRice,production-orga-openrice-netcore-app-67b5c6675c-9plj9,2026-09-15 07:14:01+00:00,ios
325898,50f5822a-8e8c-4475-aa44-0f01befa198e,2026-09-15 07:35:16+00:00,74e3826d-4eaf-45a1-a77f-f043ecbc0eae,187.15.100.24,or.search.quick,,,,"{'list': array([{'item': {'List': 0, 'Param': 'Page', 'Value': '1'}},
       {'item': {'List': 0, 'Param': 'whatwhere', 'Value': '茶舍'}},
       {'item': {'List': 0, 'Param': 'savehistory', 'Value': 'true'}},
       {'item': {'List': 0, 'Param': 'CityID', 'Value': '0'}},
       {'item': {'List': 0, 'Param': 'Lang', 'Value': 'hk'}},
       {'item': {'List': 0, 'Param': 'Ver', 'Value': '7.20.5'}},
       {'item': {'List': 0, 'Param': 'sr', 'Value': 'qcksearch'}},
       {'item': {'List': 0, 'Param': 'sn', 'Value': 'HK.Search.SR1.1'}}],
      dtype=object)}",Page:1;whatwhere:茶舍;savehistory:true;CityID:0;Lang:hk;Ver:7.20.5;sr:qcksearch;sn:HK.Search.SR1.1,Events,OpenRice_iOS/7.20.5 (iPhone; iOS 26.7);Lang:zh-HK,OpenRice,production-orga-openrice-netcore-app-67b5c6675c-j2lhc,2026-09-15 07:15:02+00:00,ios
325898,50f5822a-8e8c-4475-aa44-0f01befa198e,2026-09-15 07:35:17.200000+00:00,74e3826d-4eaf-45a1-a77f-f043ecbc0eae,187.15.100.24,impression.poi,,,,"{'list': array([{'item': {'List': 0, 'Param': 'CityID', 'Value': '0'}},
       {'item': {'List': 0, 'Param': 'Lang', 'Value': 'hk'}},
       {'item': {'List': 0, 'Param': 'Ver', 'Value': '7.20.5'}},
       {'item': {'List': 0, 'Param': 'POIID', 'Value': '779440'}},
       {'item': {'List': 0, 'Param': 'Type', 'Value': 'General'}},
       {'item': {'List': 0, 'Param': 'sr', 'Value': '2'}},
       {'item': {'List': 0, 'Param': 'poiTypeId', 'Value': '1'}},
       {'item': {'List': 0, 'Param': 'sn', 'Value': 'HK.Search.SR1.1'}}],
      dtype=object)}",CityID:0;Lang:hk;Ver:7.20.5;POIID:779440;Type:General;sr:2;poiTypeId:1;sn:HK.Search.SR1.1,Events,OpenRice_iOS/7.20.5 (iPhone; iOS 26.7);Lang:zh-HK,OpenRice,production-orga-openrice-netcore-app-67b5c6675c-j2lhc,2026-09-15 07:15:02+00:00,ios
325898,50f5822a-8e8c-4475-aa44-0f01befa198e,2026-09-15 07:35:17.300000+00:00,74e3826d-4eaf-45a1-a77f-f043ecbc0eae,187.15.100.24,impression.poi,,,,"{'list': array([{'item': {'List': 0, 'Param': 'CityID', 'Value': '0'}},
       {'item': {'List': 0, 'Param': 'Lang', 'Value': 'hk'}},
       {'item': {'List': 0, 'Param': 'Ver', 'Value': '7.20.5'}},
       {'item': {'List': 0, 'Param': 'POIID', 'Value': '735696'}},
       {'item': {'List': 0, 'Param': 'Type', 'Value': 'General'}},
       {'item': {'List': 0, 'Param': 'sr', 'Value': '2'}},
       {'item': {'List': 0, 'Param': 'poiTypeId', 'Value': '1'}},
       {'item': {'List': 0, 'Param': 'sn', 'Value': 'HK.Search.SR1.1'}}],
      dtype=object)}",CityID:0;Lang:hk;Ver:7.20.5;POIID:735696;Type:General;sr:2;poiTypeId:1;sn:HK.Search.SR1.1,Events,OpenRice_iOS/7.20.5 (iPhone; iOS 26.7);Lang:zh-HK,OpenRice,production-orga-openrice-netcore-app-67b5c6675c-j2lhc,2026-09-15 07:15:02+00:00,ios
325898,50f5822a-8e8c-4475-aa44-0f01befa198e,2026-09-15 07:35:17.300000+00:00,74e3826d-4eaf-45a1-a77f-f043ecbc0eae,187.15.100.24,impression.poi,,,,"{'list': array([{'item': {'List': 0, 'Param': 'CityID', 'Value': '0'}},
       {'item': {'List': 0, 'Param': 'Lang', 'Value': 'hk'}},
       {'item': {'List': 0, 'Param': 'Ver', 'Value': '7.20.5'}},
       {'item': {'List': 0, 'Param': 'POIID', 'Value': '817526'}},
       {'item': {'List': 0, 'Param': 'Type', 'Value': 'General'}},
       {'item': {'List': 0, 'Param': 'sr', 'Value': '2'}},
       {'item': {'List': 0, 'Param': 'poiTypeId', 'Value': '1'}},
       {'item': {'List': 0, 'Param': 'sn', 'Value': 'HK.Search.SR1.1'}}],
      dtype=object)}",CityID:0;Lang:hk;Ver:7.20.5;POIID:817526;Type:General;sr:2;poiTypeId:1;sn:HK.Search.SR1.1,Events,OpenRice_iOS/7.20.5 (iPhone; iOS 26.7);Lang:zh-HK,OpenRice,production-orga-openrice-netcore-app-67b5c6675c-j2lhc,2026-09-15 07:15:02+00:00,ios
325898,50f5822a-8e8c-4475-aa44-0f01befa198e,2026-09-15 07:35:21+00:00,74e3826d-4eaf-45a1-a77f-f043ecbc0eae,187.15.100.24,impression.poi,,,,"{'list': array([{'item': {'List': 0, 'Param': 'CityID', 'Value': '0'}},
       {'item': {'List': 0, 'Param': 'Lang', 'Value': 'hk'}},
       {'item': {'List': 0, 'Param': 'Ver', 'Value': '7.20.5'}},
       {'item': {'List': 0, 'Param': 'POIID', 'Value': '802866'}},
       {'item': {'List': 0, 'Param': 'Type', 'Value': 'General'}},
       {'item': {'List': 0, 'Param': 'sr', 'Value': '2'}},
       {'item': {'List': 0, 'Param': 'poiTypeId', 'Value': '1'}},
       {'item': {'List': 0, 'Param': 'sn', 'Value': 'HK.Search.SR1.1'}}],
      dtype=object)}",CityID:0;Lang:hk;Ver:7.20.5;POIID:802866;Type:General;sr:2;poiTypeId:1;sn:HK.Search.SR1.1,Events,OpenRice_iOS/7.20.5 (iPhone; iOS 26.7);Lang:zh-HK,OpenRice,production-orga-openrice-netcore-app-67b5c6675c-j2lhc,2026-09-15 07:15:02+00:00,ios
325898,50f5822a-8e8c-4475-aa44-0f01befa198e,2026-09-15 07:35:21.200000+00:00,74e3826d-4eaf-45a1-a77f-f043ecbc0eae,187.15.100.24,impression.poi,,,,"{'list': array([{'item': {'List': 0, 'Param': 'CityID', 'Value': '0'}},
       {'item': {'List': 0, 'Param': 'Lang', 'Value': 'hk'}},
       {'item': {'List': 0, 'Param': 'Ver', 'Value': '7.20.5'}},
       {'item': {'List': 0, 'Param': 'POIID', 'Value': '764607'}},
       {'item': {'List': 0, 'Param': 'Type', 'Value': 'General'}},
       {'item': {'List': 0, 'Param': 'sr', 'Value': '2'}},
       {'item': {'List': 0, 'Param': 'poiTypeId', 'Value': '1'}},
       {'item': {'List': 0, 'Param': 'sn', 'Value': 'HK.Search.SR1.1'}}],
      dtype=object)}",CityID:0;Lang:hk;Ver:7.20.5;POIID:764607;Type:General;sr:2;poiTypeId:1;sn:HK.Search.SR1.1,Events,OpenRice_iOS/7.20.5 (iPhone; iOS 26.7);Lang:zh-HK,OpenRice,production-orga-openrice-netcore-app-67b5c6675c-j2lhc,2026-09-15 07:15:02+00:00,ios
325898,50f5822a-8e8c-4475-aa44-0f01befa198e,2026-09-15 07:35:21.800000+00:00,74e3826d-4eaf-45a1-a77f-f043ecbc0eae,187.15.100.24,impression.poi,,,,"{'list': array([{'item': {'List': 0, 'Param': 'CityID', 'Value': '0'}},
       {'item': {'List': 0, 'Param': 'Lang', 'Value': 'hk'}},
       {'item': {'List': 0, 'Param': 'Ver', 'Value': '7.20.5'}},
       {'item': {'List': 0, 'Param': 'POIID', 'Value': '1133727'}},
       {'item': {'List': 0, 'Param': 'Type', 'Value': 'General'}},
       {'item': {'List': 0, 'Param': 'sr', 'Value': '2'}},
       {'item': {'List': 0, 'Param': 'poiTypeId', 'Value': '1'}},
       {'item': {'List': 0, 'Param': 'sn', 'Value': 'HK.Search.SR1.1'}}],
      dtype=object)}",CityID:0;Lang:hk;Ver:7.20.5;POIID:1133727;Type:General;sr:2;poiTypeId:1;sn:HK.Search.SR1.1,Events,OpenRice_iOS/7.20.5 (iPhone; iOS 26.7);Lang:zh-HK,OpenRice,production-orga-openrice-netcore-app-67b5c6675c-j2lhc,2026-09-15 07:15:02+00:00,ios
325898,50f5822a-8e8c-4475-aa44-0f01befa198e,2026-09-15 07:35:22.200000+00:00,74e3826d-4eaf-45a1-a77f-f043ecbc0eae,187.15.100.24,impression.poi,,,,"{'list': array([{'item': {'List': 0, 'Param': 'CityID', 'Value': '0'}},
       {'item': {'List': 0, 'Param': 'Lang', 'Value': 'hk'}},
       {'item': {'List': 0, 'Param': 'Ver', 'Value': '7.20.5'}},
       {'item': {'List': 0, 'Param': 'POIID', 'Value': '891325'}},
       {'item': {'List': 0, 'Param': 'Type', 'Value': 'General'}},
       {'item': {'List': 0, 'Param': 'sr', 'Value': '2'}},
       {'item': {'List': 0, 'Param': 'poiTypeId', 'Value': '1'}},
       {'item': {'List': 0, 'Param': 'sn', 'Value': 'HK.Search.SR1.1'}}],
      dtype=object)}",CityID:0;Lang:hk;Ver:7.20.5;POIID:891325;Type:General;sr:2;poiTypeId:1;sn:HK.Search.SR1.1,Events,OpenRice_iOS/7.20.5 (iPhone; iOS 26.7);Lang:zh-HK,OpenRice,production-orga-openrice-netcore-app-67b5c6675c-j2lhc,2026-09-15 07:15:02+00:00,ios
325898,50f5822a-8e8c-4475-aa44-0f01befa198e,2026-09-15 07:35:23.500000+00:00,74e3826d-4eaf-45a1-a77f-f043ecbc0eae,187.15.100.24,impression.poi,,,,"{'list': array([{'item': {'List': 0, 'Param': 'CityID', 'Value': '0'}},
       {'item': {'List': 0, 'Param': 'Lang', 'Value': 'hk'}},
       {'item': {'List': 0, 'Param': 'Ver', 'Value': '7.20.5'}},
       {'item': {'List': 0, 'Param': 'POIID', 'Value': '791698'}},
       {'item': {'List': 0, 'Param': 'Type', 'Value': 'General'}},
       {'item': {'List': 0, 'Param': 'sr', 'Value': '2'}},
       {'item': {'List': 0, 'Param': 'poiTypeId', 'Value': '1'}},
       {'item': {'List': 0, 'Param': 'sn', 'Value': 'HK.Search.SR1.1'}}],
      dtype=object)}",CityID:0;Lang:hk;Ver:7.20.5;POIID:791698;Type:General;sr:2;poiTypeId:1;sn:HK.Search.SR1.1,Events,OpenRice_iOS/7.20.5 (iPhone; iOS 26.7);Lang:zh-HK,OpenRice,production-orga-openrice-netcore-app-67b5c6675c-j2lhc,2026-09-15 07:15:02+00:00,ios
325898,50f5822a-8e8c-4475-aa44-0f01befa198e,2026-09-15 07:35:24.200000+00:00,74e3826d-4eaf-45a1-a77f-f043ecbc0eae,187.15.100.24,or.takeaway.order,,,,"{'list': array([{'item': {'List': 0, 'Param': 'CityID', 'Value': '0'}},
       {'item': {'List': 0, 'Param': 'Lang', 'Value': 'hk'}},
       {'item': {'List': 0, 'Param': 'Ver', 'Value': '7.20.5'}},
       {'item': {'List': 0, 'Param': 'POIID', 'Value': '1133727'}},
       {'item': {'List': 0, 'Param': 'sr', 'Value': 'sr1'}},
       {'item': {'List': 0, 'Param': 'sn', 'Value': 'HK.Takeaway.order.1133727'}}],
      dtype=object)}",CityID:0;Lang:hk;Ver:7.20.5;POIID:1133727;sr:sr1;sn:HK.Takeaway.order.1133727,Events,OpenRice_iOS/7.20.5 (iPhone; iOS 26.7);Lang:zh-HK,OpenRice,production-orga-openrice-netcore-app-67b5c6675c-j2lhc,2026-09-15 07:15:02+00:00,ios
325898,50f5822a-8e8c-4475-aa44-0f01befa198e,2026-09-15 07:35:32.200000+00:00,74e3826d-4eaf-45a1-a77f-f043ecbc0eae,187.15.100.24,or.takeaway.checkout,,,,"{'list': array([{'item': {'List': 0, 'Param': 'CityID', 'Value': '0'}},
       {'item': {'List': 0, 'Param': 'Lang', 'Value': 'hk'}},
       {'item': {'List': 0, 'Param': 'Ver', 'Value': '7.20.5'}},
       {'item': {'List': 0, 'Param': 'sr', 'Value': 'menu'}},
       {'item': {'List': 0, 'Param': 'POIID', 'Value': '1133727'}},
       {'item': {'List': 0, 'Param': 'sn', 'Value': 'HK.Takeaway.order.1133727'}}],
      dtype=object)}",CityID:0;Lang:hk;Ver:7.20.5;sr:menu;POIID:1133727;sn:HK.Takeaway.order.1133727,Events,OpenRice_iOS/7.20.5 (iPhone; iOS 26.7);Lang:zh-HK,OpenRice,production-orga-openrice-netcore-app-67b5c6675c-j2lhc,2026-09-15 07:15:02+00:00,ios
325898,50f5822a-8e8c-4475-aa44-0f01befa198e,2026-09-15 07:35:58.300000+00:00,74e3826d-4eaf-45a1-a77f-f043ecbc0eae,187.15.100.24,or.takeaway.checkout,,,,"{'list': array([{'item': {'List': 0, 'Param': 'CityID', 'Value': '0'}},
       {'item': {'List': 0, 'Param': 'Lang', 'Value': 'hk'}},
       {'item': {'List': 0, 'Param': 'Ver', 'Value': '7.20.5'}},
       {'item': {'List': 0, 'Param': 'sr', 'Value': 'menu'}},
       {'item': {'List': 0, 'Param': 'POIID', 'Value': '1133727'}},
       {'item': {'List': 0, 'Param': 'sn', 'Value': 'HK.Takeaway.order.1133727'}}],
      dtype=object)}",CityID:0;Lang:hk;Ver:7.20.5;sr:menu;POIID:1133727;sn:HK.Takeaway.order.1133727,Events,OpenRice_iOS/7.20.5 (iPhone; iOS 26.7);Lang:zh-HK,OpenRice,production-orga-openrice-netcore-app-67b5c6675c-b4jfn,2026-09-15 07:15:02+00:00,ios
325898,50f5822a-8e8c-4475-aa44-0f01befa198e,2026-09-15 07:36:07.200000+00:00,74e3826d-4eaf-45a1-a77f-f043ecbc0eae,187.15.100.24,or.takeaway.place-order,,,,"{'list': array([{'item': {'List': 0, 'Param': 'CityID', 'Value': '0'}},
       {'item': {'List': 0, 'Param': 'Lang', 'Value': 'hk'}},
       {'item': {'List': 0, 'Param': 'Ver', 'Value': '7.20.5'}},
       {'item': {'List': 0, 'Param': 'sr', 'Value': 'checkout'}},
       {'item': {'List': 0, 'Param': 'POIID', 'Value': '1133727'}},
       {'item': {'List': 0, 'Param': 'PromoCode', 'Value': 'None'}},
       {'item': {'List': 0, 'Param': 'sn', 'Value': 'HK.Takeaway.checkout.1133727'}}],
      dtype=object)}",CityID:0;Lang:hk;Ver:7.20.5;sr:checkout;POIID:1133727;PromoCode:None;sn:HK.Takeaway.checkout.1133727,Events,OpenRice_iOS/7.20.5 (iPhone; iOS 26.7);Lang:zh-HK,OpenRice,production-orga-openrice-netcore-app-67b5c6675c-b4jfn,2026-09-15 07:15:02+00:00,ios
325898,50f5822a-8e8c-4475-aa44-0f01befa198e,2026-09-15 07:36:23.200000+00:00,74e3826d-4eaf-45a1-a77f-f043ecbc0eae,187.15.100.24,or.app.resume,,,,"{'list': array([{'item': {'List': 0, 'Param': 'CityID', 'Value': '0'}},
       {'item': {'List': 0, 'Param': 'Lang', 'Value': 'hk'}},
       {'item': {'List': 0, 'Param': 'Ver', 'Value': '7.20.5'}}],
      dtype=object)}",CityID:0;Lang:hk;Ver:7.20.5,Events,OpenRice_iOS/7.20.5 (iPhone; iOS 26.7);Lang:zh-HK,OpenRice,production-orga-openrice-netcore-app-67b5c6675c-b4jfn,2026-09-15 07:16:01+00:00,ios
325898,50f5822a-8e8c-4475-aa44-0f01befa198e,2026-09-15 07:36:24.200000+00:00,74e3826d-4eaf-45a1-a77f-f043ecbc0eae,187.15.100.24,or.takeaway.pay,,,,"{'list': array([{'item': {'List': 0, 'Param': 'CityID', 'Value': '0'}},
       {'item': {'List': 0, 'Param': 'Lang', 'Value': 'hk'}},
       {'item': {'List': 0, 'Param': 'Ver', 'Value': '7.20.5'}},
       {'item': {'List': 0, 'Param': 'sr', 'Value': 'payment'}},
       {'item': {'List': 0, 'Param': 'poiId', 'Value': '1133727'}}],
      dtype=object)}",CityID:0;Lang:hk;Ver:7.20.5;sr:payment;poiId:1133727,Events,OpenRice_iOS/7.20.5 (iPhone; iOS 26.7);Lang:zh-HK,OpenRice,production-orga-openrice-netcore-app-67b5c6675c-b4jfn,2026-09-15 07:16:01+00:00,ios
325898,50f5822a-8e8c-4475-aa44-0f01befa198e,2026-09-15 07:37:19.200000+00:00,74e3826d-4eaf-45a1-a77f-f043ecbc0eae,187.15.100.24,or.app.resume,,,,"{'list': array([{'item': {'List': 0, 'Param': 'CityID', 'Value': '0'}},
       {'item': {'List': 0, 'Param': 'Lang', 'Value': 'hk'}},
       {'item': {'List': 0, 'Param': 'Ver', 'Value': '7.20.5'}}],
      dtype=object)}",CityID:0;Lang:hk;Ver:7.20.5,Events,OpenRice_iOS/7.20.5 (iPhone; iOS 26.7);Lang:zh-HK,OpenRice,production-orga-openrice-netcore-app-67b5c6675c-j2lhc,2026-09-15 07:27:01+00:00,ios
325898,50f5822a-8e8c-4475-aa44-0f01befa198e,2026-09-15 07:37:32.800000+00:00,74e3826d-4eaf-45a1-a77f-f043ecbc0eae,187.15.100.24,or.app.resume,,,,"{'list': array([{'item': {'List': 0, 'Param': 'CityID', 'Value': '0'}},
       {'item': {'List': 0, 'Param': 'Lang', 'Value': 'hk'}},
       {'item': {'List': 0, 'Param': 'Ver', 'Value': '7.20.5'}}],
      dtype=object)}",CityID:0;Lang:hk;Ver:7.20.5,Events,OpenRice_iOS/7.20.5 (iPhone; iOS 26.7);Lang:zh-HK,OpenRice,production-orga-openrice-netcore-app-67b5c6675c-j2lhc,2026-09-15 07:27:01+00:00,ios
325898,50f5822a-8e8c-4475-aa44-0f01befa198e,2026-09-15 07:41:30.400000+00:00,74e3826d-4eaf-45a1-a77f-f043ecbc0eae,187.15.100.24,or.app.resume,,,,"{'list': array([{'item': {'List': 0, 'Param': 'CityID', 'Value': '0'}},
       {'item': {'List': 0, 'Param': 'Lang', 'Value': 'hk'}},
       {'item': {'List': 0, 'Param': 'Ver', 'Value': '7.20.5'}}],
      dtype=object)}",CityID:0;Lang:hk;Ver:7.20.5,Events,OpenRice_iOS/7.20.5 (iPhone; iOS 26.7);Lang:zh-HK,OpenRice,production-orga-openrice-netcore-app-67b5c6675c-j2lhc,2026-09-15 07:27:01+00:00,ios
325898,50f5822a-8e8c-4475-aa44-0f01befa198e,2026-09-15 07:45:04.300000+00:00,74e3826d-4eaf-45a1-a77f-f043ecbc0eae,187.15.100.24,or.app.resume,,,,"{'list': array([{'item': {'List': 0, 'Param': 'CityID', 'Value': '0'}},
       {'item': {'List': 0, 'Param': 'Lang', 'Value': 'hk'}},
       {'item': {'List': 0, 'Param': 'Ver', 'Value': '7.20.5'}}],
      dtype=object)}",CityID:0;Lang:hk;Ver:7.20.5,Events,OpenRice_iOS/7.20.5 (iPhone; iOS 26.7);Lang:zh-HK,OpenRice,production-orga-openrice-netcore-app-67b5c6675c-j2lhc,2026-09-15 07:27:01+00:00,ios
325898,50f5822a-8e8c-4475-aa44-0f01befa198e,2026-09-15 07:48:35.900000+00:00,74e3826d-4eaf-45a1-a77f-f043ecbc0eae,187.15.100.24,or.app.resume,,,,"{'list': array([{'item': {'List': 0, 'Param': 'CityID', 'Value': '0'}},
       {'item': {'List': 0, 'Param': 'Lang', 'Value': 'hk'}},
       {'item': {'List': 0, 'Param': 'Ver', 'Value': '7.20.5'}}],
      dtype=object)}",CityID:0;Lang:hk;Ver:7.20.5,Events,OpenRice_iOS/7.20.5 (iPhone; iOS 26.7);Lang:zh-HK,OpenRice,production-orga-openrice-netcore-app-67b5c6675c-j2lhc,2026-09-15 07:27:01+00:00,ios
634061,9d9cac6ddd300204,2026-09-15 07:36:02.900000+00:00,35e5fde5-a3f0-446a-bed5-99526d162eb3,61.238.204.22,or.app.start,,,,"{'list': array([{'item': {'List': 0, 'Param': 'CityID', 'Value': '0'}},
       {'item': {'List': 0, 'Param': 'Lang', 'Value': 'zh-HK'}},
       {'item': {'List': 0, 'Param': 'Ver', 'Value': '7.20.4'}},
       {'item': {'List': 0, 'Param': 'Device', 'Value': 'PD2366'}},
       {'item': {'List': 0, 'Param': 'Lang', 'Value': 'zh_HK'}},
       {'item': {'List': 0, 'Param': 'Ver', 'Value': '7.20.4'}}],
      dtype=object)}",CityID:0; Lang:zh-HK; Ver:7.20.4; Device:PD2366;Lang:zh_HK;Ver:7.20.4,Events,Openrice_Android/7.20.4 (Android; 36) [V2366HA];Lang:zh-HK,OpenRice,production-orga-openrice-netcore-app-67b5c6675c-j2lhc,2026-09-15 07:15:02+00:00,android
634061,9d9cac6ddd300204,2026-09-15 07:36:03.100000+00:00,35e5fde5-a3f0-446a-bed5-99526d162eb3,61.238.204.22,or.app.start,,,,"{'list': array([{'item': {'List': 0, 'Param': 'CityID', 'Value': '0'}},
       {'item': {'List': 0, 'Param': 'Lang', 'Value': 'zh-HK'}},
       {'item': {'List': 0, 'Param': 'Ver', 'Value': '7.20.4'}},
       {'item': {'List': 0, 'Param': 'Device', 'Value': 'PD2366'}},
       {'item': {'List': 0, 'Param': 'Lang', 'Value': 'zh_HK'}},
       {'item': {'List': 0, 'Param': 'Ver', 'Value': '7.20.4'}}],
      dtype=object)}",CityID:0; Lang:zh-HK; Ver:7.20.4; Device:PD2366;Lang:zh_HK;Ver:7.20.4,Events,Openrice_Android/7.20.4 (Android; 36) [V2366HA];Lang:zh-HK,OpenRice,production-orga-openrice-netcore-app-67b5c6675c-j2lhc,2026-09-15 07:15:02+00:00,android
634061,9d9cac6ddd300204,2026-09-15 07:36:04.700000+00:00,35e5fde5-a3f0-446a-bed5-99526d162eb3,61.238.204.22,or.qcksearch,,,,"{'list': array([{'item': {'List': 0, 'Param': 'CityID', 'Value': '0'}},
       {'item': {'List': 0, 'Param': 'Lang', 'Value': 'zh_HK'}},
       {'item': {'List': 0, 'Param': 'Ver', 'Value': '7.20.4'}},
       {'item': {'List': 0, 'Param': 'sn', 'Value': 'hk.Home'}}],
      dtype=object)}",CityID:0;Lang:zh_HK;Ver:7.20.4; sn:hk.Home,Events,Openrice_Android/7.20.4 (Android; 36) [V2366HA];Lang:zh-HK,OpenRice,production-orga-openrice-netcore-app-67b5c6675c-j2lhc,2026-09-15 07:15:02+00:00,android
634061,9d9cac6ddd300204,2026-09-15 07:36:04.800000+00:00,35e5fde5-a3f0-446a-bed5-99526d162eb3,61.238.204.22,or.search.layer,,,,"{'list': array([{'item': {'List': 0, 'Param': 'CityID', 'Value': '0'}},
       {'item': {'List': 0, 'Param': 'Lang', 'Value': 'zh_HK'}},
       {'item': {'List': 0, 'Param': 'Ver', 'Value': '7.20.4'}},
       {'item': {'List': 0, 'Param': 'sn', 'Value': 'hk.QckSearch'}}],
      dtype=object)}",CityID:0;Lang:zh_HK;Ver:7.20.4; sn:hk.QckSearch,Events,Openrice_Android/7.20.4 (Android; 36) [V2366HA];Lang:zh-HK,OpenRice,production-orga-openrice-netcore-app-67b5c6675c-j2lhc,2026-09-15 07:15:02+00:00,android
634061,9d9cac6ddd300204,2026-09-15 07:36:06+00:00,35e5fde5-a3f0-446a-bed5-99526d162eb3,61.238.204.22,or.search.layer,,,,"{'list': array([{'item': {'List': 0, 'Param': 'CityID', 'Value': '0'}},
       {'item': {'List': 0, 'Param': 'Lang', 'Value': 'zh_HK'}},
       {'item': {'List': 0, 'Param': 'Ver', 'Value': '7.20.4'}},
       {'item': {'List': 0, 'Param': 'sn', 'Value': 'hk.QckSearch'}}],
      dtype=object)}",CityID:0;Lang:zh_HK;Ver:7.20.4; sn:hk.QckSearch,Events,Openrice_Android/7.20.4 (Android; 36) [V2366HA];Lang:zh-HK,OpenRice,production-orga-openrice-netcore-app-67b5c6675c-j2lhc,2026-09-15 07:15:02+00:00,android
634061,9d9cac6ddd300204,2026-09-15 07:36:20.700000+00:00,35e5fde5-a3f0-446a-bed5-99526d162eb3,61.238.204.22,user.review.write,,,,"{'list': array([{'item': {'List': 0, 'Param': 'POIID', 'Value': '546190'}},
       {'item': {'List': 0, 'Param': 'CityID', 'Value': '0'}},
       {'item': {'List': 0, 'Param': 'Sr', 'Value': ''}},
       {'item': {'List': 0, 'Param': 'Lang', 'Value': 'zh-HK'}},
       {'item': {'List': 0, 'Param': 'Ver', 'Value': '7.20.4'}},
       {'item': {'List': 0, 'Param': 'Lang', 'Value': 'zh_HK'}},
       {'item': {'List': 0, 'Param': 'Ver', 'Value': '7.20.4'}}],
      dtype=object)}",POIID:546190;CityID:0; Sr:; Lang:zh-HK; Ver:7.20.4;Lang:zh_HK;Ver:7.20.4,Events,Openrice_Android/7.20.4 (Android; 36) [V2366HA];Lang:zh-HK,OpenRice,production-orga-openrice-netcore-app-67b5c6675c-9plj9,2026-09-15 07:16:01+00:00,android
634061,9d9cac6ddd300204,2026-09-15 07:36:24.800000+00:00,35e5fde5-a3f0-446a-bed5-99526d162eb3,61.238.204.22,or.takeaway.order,,,,"{'list': array([{'item': {'List': 0, 'Param': 'POIID', 'Value': '546190'}},
       {'item': {'List': 0, 'Param': 'CityID', 'Value': '0'}},
       {'item': {'List': 0, 'Param': 'Sr', 'Value': 'sr1'}},
       {'item': {'List': 0, 'Param': 'Lang', 'Value': 'zh_HK'}},
       {'item': {'List': 0, 'Param': 'Ver', 'Value': '7.20.4'}}],
      dtype=object)}",POIID:546190; CityID:0; Sr:sr1;Lang:zh_HK;Ver:7.20.4,Events,Openrice_Android/7.20.4 (Android; 36) [V2366HA];Lang:zh-HK,OpenRice,production-orga-openrice-netcore-app-67b5c6675c-9plj9,2026-09-15 07:16:01+00:00,android
634061,9d9cac6ddd300204,2026-09-15 07:36:24.900000+00:00,35e5fde5-a3f0-446a-bed5-99526d162eb3,61.238.204.22,or.poi.get-photos.food,,,,"{'list': array([{'item': {'List': 0, 'Param': 'POIID', 'Value': '546190'}},
       {'item': {'List': 0, 'Param': 'poiTypeId', 'Value': '1'}},
       {'item': {'List': 0, 'Param': 'CityID', 'Value': '0'}},
       {'item': {'List': 0, 'Param': 'Sr', 'Value': 'sr2'}},
       {'item': {'List': 0, 'Param': 'Page No.', 'Value': '1'}},
       {'item': {'List': 0, 'Param': 'PhotoTypeId', 'Value': '1'}},
       {'item': {'List': 0, 'Param': 'Lang', 'Value': 'zh_HK'}},
       {'item': {'List': 0, 'Param': 'Ver', 'Value': '7.20.4'}},
       {'item': {'List': 0, 'Param': 'sn', 'Value': 'HK.SR2.photo.food.546190'}}],
      dtype=object)}",POIID:546190; poiTypeId:1; CityID:0;Sr:sr2;Page No.:1;PhotoTypeId:1;Lang:zh_HK;Ver:7.20.4; sn:HK.SR2.photo.food.546190,Events,Openrice_Android/7.20.4 (Android; 36) [V2366HA];Lang:zh-HK,OpenRice,production-orga-openrice-netcore-app-67b5c6675c-9plj9,2026-09-15 07:16:01+00:00,android
634061,9d9cac6ddd300204,2026-09-15 07:36:30.200000+00:00,35e5fde5-a3f0-446a-bed5-99526d162eb3,61.238.204.22,poi.emenu.get-item,,,,"{'list': array([{'item': {'List': 0, 'Param': 'CityID', 'Value': '0'}},
       {'item': {'List': 0, 'Param': 'itemID', 'Value': 'ORI-574'}},
       {'item': {'List': 0, 'Param': 'Lang', 'Value': 'zh_HK'}},
       {'item': {'List': 0, 'Param': 'Ver', 'Value': '7.20.4'}}],
      dtype=object)}",CityID:0;itemID:ORI-574;Lang:zh_HK;Ver:7.20.4,Events,Openrice_Android/7.20.4 (Android; 36) [V2366HA];Lang:zh-HK,OpenRice,production-orga-openrice-netcore-app-67b5c6675c-9plj9,2026-09-15 07:16:01+00:00,android
634061,9d9cac6ddd300204,2026-09-15 07:36:54.500000+00:00,35e5fde5-a3f0-446a-bed5-99526d162eb3,61.238.204.22,or.takeaway.checkout,,,,"{'list': array([{'item': {'List': 0, 'Param': 'CityID', 'Value': '0'}},
       {'item': {'List': 0, 'Param': 'POIID', 'Value': '546190'}},
       {'item': {'List': 0, 'Param': 'Sr', 'Value': 'menu'}},
       {'item': {'List': 0, 'Param': 'Lang', 'Value': 'zh_HK'}},
       {'item': {'List': 0, 'Param': 'Ver', 'Value': '7.20.4'}}],
      dtype=object)}",CityID:0; POIID:546190; Sr:menu;Lang:zh_HK;Ver:7.20.4,Events,Openrice_Android/7.20.4 (Android; 36) [V2366HA];Lang:zh-HK,OpenRice,production-orga-openrice-netcore-app-67b5c6675c-b4jfn,2026-09-15 07:16:01+00:00,android
634061,9d9cac6ddd300204,2026-09-15 07:36:58.600000+00:00,35e5fde5-a3f0-446a-bed5-99526d162eb3,61.238.204.22,or.takeaway.place-order,,,,"{'list': array([{'item': {'List': 0, 'Param': 'CityID', 'Value': '0'}},
       {'item': {'List': 0, 'Param': 'POIID', 'Value': '546190'}},
       {'item': {'List': 0, 'Param': 'Sr', 'Value': 'checkout'}},
       {'item': {'List': 0, 'Param': 'Lang', 'Value': 'zh_HK'}},
       {'item': {'List': 0, 'Param': 'Ver', 'Value': '7.20.4'}}],
      dtype=object)}",CityID:0; POIID:546190 ; Sr:checkout;;Lang:zh_HK;Ver:7.20.4,Events,Openrice_Android/7.20.4 (Android; 36) [V2366HA];Lang:zh-HK,OpenRice,production-orga-openrice-netcore-app-67b5c6675c-b4jfn,2026-09-15 07:16:01+00:00,android
634061,9d9cac6ddd300204,2026-09-15 07:37:08.800000+00:00,35e5fde5-a3f0-446a-bed5-99526d162eb3,61.238.204.22,or.takeaway.pay,,,,"{'list': array([{'item': {'List': 0, 'Param': 'CityId', 'Value': '0'}},
       {'item': {'List': 0, 'Param': 'POIID', 'Value': '546190'}},
       {'item': {'List': 0, 'Param': 'Sr', 'Value': 'payment'}},
       {'item': {'List': 0, 'Param': 'Lang', 'Value': 'zh_HK'}},
       {'item': {'List': 0, 'Param': 'Ver', 'Value': '7.20.4'}}],
      dtype=object)}",CityId:0; POIID:546190; Sr:payment;;Lang:zh_HK;Ver:7.20.4,Events,Openrice_Android/7.20.4 (Android; 36) [V2366HA];Lang:zh-HK,OpenRice,production-orga-openrice-netcore-app-67b5c6675c-9plj9,2026-09-15 07:16:01+00:00,android
634061,9d9cac6ddd300204,2026-09-15 08:00:27.200000+00:00,35e5fde5-a3f0-446a-bed5-99526d162eb3,49.130.129.125,or.app.resume,,,,"{'list': array([{'item': {'List': 0, 'Param': 'CityID', 'Value': '0'}},
       {'item': {'List': 0, 'Param': 'Lang', 'Value': 'zh-HK'}},
       {'item': {'List': 0, 'Param': 'Ver', 'Value': '7.20.4'}},
       {'item': {'List': 0, 'Param': 'Lang', 'Value': 'zh_HK'}},
       {'item': {'List': 0, 'Param': 'Ver', 'Value': '7.20.4'}}],
      dtype=object)}",CityID:0; Lang:zh-HK; Ver:7.20.4;Lang:zh_HK;Ver:7.20.4,Events,Openrice_Android/7.20.4 (Android; 36) [V2366HA];Lang:zh-HK,OpenRice,production-orga-openrice-netcore-app-67b5c6675c-9plj9,2026-09-15 07:39:02+00:00,android
548826,886fd7f4-bb08-4544-943f-01239e4b5d78,2026-09-15 07:49:50.400000+00:00,67b73922-53e3-457c-89f6-628841956216,182.239.121.149,or.app.start,,,,"{'list': array([{'item': {'List': 0, 'Param': 'CityID', 'Value': '0'}},
       {'item': {'List': 0, 'Param': 'Lang', 'Value': 'hk'}},
       {'item': {'List': 0, 'Param': 'Ver', 'Value': '7.20.5'}},
       {'item': {'List': 0, 'Param': 'device', 'Value': 'iPhone17,3'}}],
      dtype=object)}","CityID:0;Lang:hk;Ver:7.20.5;device:iPhone17,3",Events,OpenRice_iOS/7.20.5 (iPhone; iOS 18.7.8);Lang:zh-HK,OpenRice,production-orga-openrice-netcore-app-67b5c6675c-b4jfn,2026-09-15 07:29:01+00:00,ios
548826,886fd7f4-bb08-4544-943f-01239e4b5d78,2026-09-15 07:49:50.500000+00:00,67b73922-53e3-457c-89f6-628841956216,182.239.121.149,or.app.resume,,,,"{'list': array([{'item': {'List': 0, 'Param': 'CityID', 'Value': '0'}},
       {'item': {'List': 0, 'Param': 'Lang', 'Value': 'hk'}},
       {'item': {'List': 0, 'Param': 'Ver', 'Value': '7.20.5'}}],
      dtype=object)}",CityID:0;Lang:hk;Ver:7.20.5,Events,OpenRice_iOS/7.20.5 (iPhone; iOS 18.7.8);Lang:zh-HK,OpenRice,production-orga-openrice-netcore-app-67b5c6675c-b4jfn,2026-09-15 07:29:01+00:00,ios
548826,886fd7f4-bb08-4544-943f-01239e4b5d78,2026-09-15 07:49:51.200000+00:00,67b73922-53e3-457c-89f6-628841956216,182.239.121.149,or.poi.get-details,,,,"{'list': array([{'item': {'List': 0, 'Param': 'CityID', 'Value': '0'}},
       {'item': {'List': 0, 'Param': 'Lang', 'Value': 'hk'}},
       {'item': {'List': 0, 'Param': 'Ver', 'Value': '7.20.5'}},
       {'item': {'List': 0, 'Param': 'POIID', 'Value': '743702'}},
       {'item': {'List': 0, 'Param': 'sn', 'Value': 'HK.Home'}}],
      dtype=object)}",CityID:0;Lang:hk;Ver:7.20.5;POIID:743702;sn:HK.Home,Events,OpenRice_iOS/7.20.5 (iPhone; iOS 18.7.8);Lang:zh-HK,OpenRice,production-orga-openrice-netcore-app-67b5c6675c-b4jfn,2026-09-15 07:29:01+00:00,ios
548826,886fd7f4-bb08-4544-943f-01239e4b5d78,2026-09-15 07:49:51.200000+00:00,67b73922-53e3-457c-89f6-628841956216,182.239.121.149,or.poi.get-overview,,,,"{'list': array([{'item': {'List': 0, 'Param': 'CityID', 'Value': '0'}},
       {'item': {'List': 0, 'Param': 'Lang', 'Value': 'hk'}},
       {'item': {'List': 0, 'Param': 'Ver', 'Value': '7.20.5'}},
       {'item': {'List': 0, 'Param': 'POIID', 'Value': '743702'}},
       {'item': {'List': 0, 'Param': 'sn', 'Value': 'HK.Home'}}],
      dtype=object)}",CityID:0;Lang:hk;Ver:7.20.5;POIID:743702;sn:HK.Home,Events,OpenRice_iOS/7.20.5 (iPhone; iOS 18.7.8);Lang:zh-HK,OpenRice,production-orga-openrice-netcore-app-67b5c6675c-b4jfn,2026-09-15 07:29:01+00:00,ios
548826,886fd7f4-bb08-4544-943f-01239e4b5d78,2026-09-15 07:49:51.200000+00:00,67b73922-53e3-457c-89f6-628841956216,182.239.121.149,or.deeplink.get-poi,,,,"{'list': array([{'item': {'List': 0, 'Param': 'CityID', 'Value': '0'}},
       {'item': {'List': 0, 'Param': 'Lang', 'Value': 'hk'}},
       {'item': {'List': 0, 'Param': 'Ver', 'Value': '7.20.5'}},
       {'item': {'List': 0, 'Param': 'POIID', 'Value': '743702'}},
       {'item': {'List': 0, 'Param': 'sn', 'Value': 'HK.Home'}}],
      dtype=object)}",CityID:0;Lang:hk;Ver:7.20.5;POIID:743702;sn:HK.Home,Events,OpenRice_iOS/7.20.5 (iPhone; iOS 18.7.8);Lang:zh-HK,OpenRice,production-orga-openrice-netcore-app-67b5c6675c-b4jfn,2026-09-15 07:29:01+00:00,ios
548826,886fd7f4-bb08-4544-943f-01239e4b5d78,2026-09-15 07:49:54.200000+00:00,67b73922-53e3-457c-89f6-628841956216,182.239.121.149,or.takeaway.order,,,,"{'list': array([{'item': {'List': 0, 'Param': 'CityID', 'Value': '0'}},
       {'item': {'List': 0, 'Param': 'Lang', 'Value': 'hk'}},
       {'item': {'List': 0, 'Param': 'Ver', 'Value': '7.20.5'}},
       {'item': {'List': 0, 'Param': 'POIID', 'Value': '743702'}},
       {'item': {'List': 0, 'Param': 'sr', 'Value': 'menu'}},
       {'item': {'List': 0, 'Param': 'sn', 'Value': 'HK.Takeaway.order.743702'}}],
      dtype=object)}",CityID:0;Lang:hk;Ver:7.20.5;POIID:743702;sr:menu;sn:HK.Takeaway.order.743702,Events,OpenRice_iOS/7.20.5 (iPhone; iOS 18.7.8);Lang:zh-HK,OpenRice,production-orga-openrice-netcore-app-67b5c6675c-b4jfn,2026-09-15 07:29:01+00:00,ios
548826,886fd7f4-bb08-4544-943f-01239e4b5d78,2026-09-15 07:50:21.900000+00:00,67b73922-53e3-457c-89f6-628841956216,182.239.121.149,or.takeaway.checkout,,,,"{'list': array([{'item': {'List': 0, 'Param': 'CityID', 'Value': '0'}},
       {'item': {'List': 0, 'Param': 'Lang', 'Value': 'hk'}},
       {'item': {'List': 0, 'Param': 'Ver', 'Value': '7.20.5'}},
       {'item': {'List': 0, 'Param': 'sr', 'Value': 'menu'}},
       {'item': {'List': 0, 'Param': 'POIID', 'Value': '743702'}},
       {'item': {'List': 0, 'Param': 'sn', 'Value': 'HK.Takeaway.order.743702'}}],
      dtype=object)}",CityID:0;Lang:hk;Ver:7.20.5;sr:menu;POIID:743702;sn:HK.Takeaway.order.743702,Events,OpenRice_iOS/7.20.5 (iPhone; iOS 18.7.8);Lang:zh-HK,OpenRice,production-orga-openrice-netcore-app-67b5c6675c-j2lhc,2026-09-15 07:30:01+00:00,ios
548826,886fd7f4-bb08-4544-943f-01239e4b5d78,2026-09-15 07:50:41.400000+00:00,67b73922-53e3-457c-89f6-628841956216,182.239.121.149,or.takeaway.place-order,,,,"{'list': array([{'item': {'List': 0, 'Param': 'CityID', 'Value': '0'}},
       {'item': {'List': 0, 'Param': 'Lang', 'Value': 'hk'}},
       {'item': {'List': 0, 'Param': 'Ver', 'Value': '7.20.5'}},
       {'item': {'List': 0, 'Param': 'sr', 'Value': 'checkout'}},
       {'item': {'List': 0, 'Param': 'POIID', 'Value': '743702'}},
       {'item': {'List': 0, 'Param': 'PromoCode', 'Value': 'None'}},
       {'item': {'List': 0, 'Param': 'sn', 'Value': 'HK.Takeaway.checkout.743702'}}],
      dtype=object)}",CityID:0;Lang:hk;Ver:7.20.5;sr:checkout;POIID:743702;PromoCode:None;sn:HK.Takeaway.checkout.743702,Events,OpenRice_iOS/7.20.5 (iPhone; iOS 18.7.8);Lang:zh-HK,OpenRice,production-orga-openrice-netcore-app-67b5c6675c-b4jfn,2026-09-15 07:29:01+00:00,ios
548826,886fd7f4-bb08-4544-943f-01239e4b5d78,2026-09-15 07:50:58.100000+00:00,67b73922-53e3-457c-89f6-628841956216,182.239.121.149,or.takeaway.pay,,,,"{'list': array([{'item': {'List': 0, 'Param': 'CityID', 'Value': '0'}},
       {'item': {'List': 0, 'Param': 'Lang', 'Value': 'hk'}},
       {'item': {'List': 0, 'Param': 'Ver', 'Value': '7.20.5'}},
       {'item': {'List': 0, 'Param': 'sr', 'Value': 'payment'}},
       {'item': {'List': 0, 'Param': 'poiId', 'Value': '743702'}}],
      dtype=object)}",CityID:0;Lang:hk;Ver:7.20.5;sr:payment;poiId:743702,Events,OpenRice_iOS/7.20.5 (iPhone; iOS 18.7.8);Lang:zh-HK,OpenRice,production-orga-openrice-netcore-app-67b5c6675c-9plj9,2026-09-15 07:31:01+00:00,ios
548826,886fd7f4-bb08-4544-943f-01239e4b5d78,2026-09-15 07:51:17.400000+00:00,67b73922-53e3-457c-89f6-628841956216,182.239.121.149,or.app.resume,,,,"{'list': array([{'item': {'List': 0, 'Param': 'CityID', 'Value': '0'}},
       {'item': {'List': 0, 'Param': 'Lang', 'Value': 'hk'}},
       {'item': {'List': 0, 'Param': 'Ver', 'Value': '7.20.5'}}],
      dtype=object)}",CityID:0;Lang:hk;Ver:7.20.5,Events,OpenRice_iOS/7.20.5 (iPhone; iOS 18.7.8);Lang:zh-HK,OpenRice,production-orga-openrice-netcore-app-67b5c6675c-9plj9,2026-09-15 07:31:01+00:00,ios
548826,886fd7f4-bb08-4544-943f-01239e4b5d78,2026-09-15 07:51:29.500000+00:00,67b73922-53e3-457c-89f6-628841956216,182.239.121.149,or.app.resume,,,,"{'list': array([{'item': {'List': 0, 'Param': 'CityID', 'Value': '0'}},
       {'item': {'List': 0, 'Param': 'Lang', 'Value': 'hk'}},
       {'item': {'List': 0, 'Param': 'Ver', 'Value': '7.20.5'}}],
      dtype=object)}",CityID:0;Lang:hk;Ver:7.20.5,Events,OpenRice_iOS/7.20.5 (iPhone; iOS 18.7.8);Lang:zh-HK,OpenRice,production-orga-openrice-netcore-app-67b5c6675c-9plj9,2026-09-15 07:31:01+00:00,ios
548826,886fd7f4-bb08-4544-943f-01239e4b5d78,2026-09-15 08:03:25.300000+00:00,67b73922-53e3-457c-89f6-628841956216,182.239.121.149,or.app.resume,,,,"{'list': array([{'item': {'List': 0, 'Param': 'CityID', 'Value': '0'}},
       {'item': {'List': 0, 'Param': 'Lang', 'Value': 'hk'}},
       {'item': {'List': 0, 'Param': 'Ver', 'Value': '7.20.5'}}],
      dtype=object)}",CityID:0;Lang:hk;Ver:7.20.5,Events,OpenRice_iOS/7.20.5 (iPhone; iOS 18.7.8);Lang:zh-HK,OpenRice,production-orga-openrice-netcore-app-67b5c6675c-b4jfn,2026-09-15 07:42:01+00:00,ios
123448,1ea45fc0-b9e7-4835-8ebe-223344650e0a,2026-09-15 07:51:13.200000+00:00,79c39fee-10bc-4803-abd9-ea09bca3afd1,49.130.130.153,or.app.resume,,,,"{'list': array([{'item': {'List': 0, 'Param': 'CityID', 'Value': '0'}},
       {'item': {'List': 0, 'Param': 'Lang', 'Value': 'hk'}},
       {'item': {'List': 0, 'Param': 'Ver', 'Value': '7.20.5'}}],
      dtype=object)}",CityID:0;Lang:hk;Ver:7.20.5,Events,OpenRice_iOS/7.20.5 (iPhone; iOS 26.6.2);Lang:zh-HK,OpenRice,production-orga-openrice-netcore-app-67b5c6675c-b4jfn,2026-09-15 07:31:01+00:00,ios
123448,1ea45fc0-b9e7-4835-8ebe-223344650e0a,2026-09-15 07:51:13.500000+00:00,79c39fee-10bc-4803-abd9-ea09bca3afd1,49.130.130.153,or.app.start,,,,"{'list': array([{'item': {'List': 0, 'Param': 'CityID', 'Value': '0'}},
       {'item': {'List': 0, 'Param': 'Lang', 'Value': 'hk'}},
       {'item': {'List': 0, 'Param': 'Ver', 'Value': '7.20.5'}},
       {'item': {'List': 0, 'Param': 'device', 'Value': 'iPhone17,2'}}],
      dtype=object)}","CityID:0;Lang:hk;Ver:7.20.5;device:iPhone17,2",Events,OpenRice_iOS/7.20.5 (iPhone; iOS 26.6.2);Lang:zh-HK,OpenRice,production-orga-openrice-netcore-app-67b5c6675c-b4jfn,2026-09-15 07:31:01+00:00,ios
123448,1ea45fc0-b9e7-4835-8ebe-223344650e0a,2026-09-15 07:51:14.800000+00:00,79c39fee-10bc-4803-abd9-ea09bca3afd1,49.130.130.153,or.qcksearch,,,,"{'list': array([{'item': {'List': 0, 'Param': 'CityID', 'Value': '0'}},
       {'item': {'List': 0, 'Param': 'sr', 'Value': 'Index'}},
       {'item': {'List': 0, 'Param': 'sn', 'Value': 'HK.Home'}}],
      dtype=object)}",CityID:0;sr:Index;sn:HK.Home,Events,OpenRice_iOS/7.20.5 (iPhone; iOS 26.6.2);Lang:zh-HK,OpenRice,production-orga-openrice-netcore-app-67b5c6675c-b4jfn,2026-09-15 07:31:01+00:00,ios
123448,1ea45fc0-b9e7-4835-8ebe-223344650e0a,2026-09-15 07:51:16.200000+00:00,79c39fee-10bc-4803-abd9-ea09bca3afd1,49.130.130.153,or.search.quick,,,,"{'list': array([{'item': {'List': 0, 'Param': 'Page', 'Value': '1'}},
       {'item': {'List': 0, 'Param': 'chainId', 'Value': '10000705'}},
       {'item': {'List': 0, 'Param': 'savehistory', 'Value': 'true'}},
       {'item': {'List': 0, 'Param': 'CityID', 'Value': '0'}},
       {'item': {'List': 0, 'Param': 'Lang', 'Value': 'hk'}},
       {'item': {'List': 0, 'Param': 'Ver', 'Value': '7.20.5'}},
       {'item': {'List': 0, 'Param': 'sr', 'Value': 'qcksearch'}},
       {'item': {'List': 0, 'Param': 'sn', 'Value': 'HK.Search.SR1.1'}}],
      dtype=object)}",Page:1;chainId:10000705;savehistory:true;CityID:0;Lang:hk;Ver:7.20.5;sr:qcksearch;sn:HK.Search.SR1.1,Events,OpenRice_iOS/7.20.5 (iPhone; iOS 26.6.2);Lang:zh-HK,OpenRice,production-orga-openrice-netcore-app-67b5c6675c-b4jfn,2026-09-15 07:31:01+00:00,ios
123448,1ea45fc0-b9e7-4835-8ebe-223344650e0a,2026-09-15 07:51:21.200000+00:00,79c39fee-10bc-4803-abd9-ea09bca3afd1,49.130.130.153,or.app.resume,,,,"{'list': array([{'item': {'List': 0, 'Param': 'CityID', 'Value': '0'}},
       {'item': {'List': 0, 'Param': 'Lang', 'Value': 'hk'}},
       {'item': {'List': 0, 'Param': 'Ver', 'Value': '7.20.5'}}],
      dtype=object)}",CityID:0;Lang:hk;Ver:7.20.5,Events,OpenRice_iOS/7.20.5 (iPhone; iOS 26.6.2);Lang:zh-HK,OpenRice,production-orga-openrice-netcore-app-67b5c6675c-b4jfn,2026-09-15 07:31:01+00:00,ios
123448,1ea45fc0-b9e7-4835-8ebe-223344650e0a,2026-09-15 07:51:21.500000+00:00,79c39fee-10bc-4803-abd9-ea09bca3afd1,49.130.130.153,view.SR1.Promotion,,,,"{'list': array([{'item': {'List': 0, 'Param': 'CityID', 'Value': '0'}},
       {'item': {'List': 0, 'Param': 'sr', 'Value': 'sr1'}},
       {'item': {'List': 0, 'Param': 'promotionId', 'Value': '13,13,13,13,13,13,13,13,13,13,13'}},
       {'item': {'List': 0, 'Param': 'sn', 'Value': 'HK.Search.SR1.1'}}],
      dtype=object)}","CityID:0;sr:sr1;promotionId:13,13,13,13,13,13,13,13,13,13,13;sn:HK.Search.SR1.1",Events,OpenRice_iOS/7.20.5 (iPhone; iOS 26.6.2);Lang:zh-HK,OpenRice,production-orga-openrice-netcore-app-67b5c6675c-b4jfn,2026-09-15 07:31:01+00:00,ios
123448,1ea45fc0-b9e7-4835-8ebe-223344650e0a,2026-09-15 07:51:21.600000+00:00,79c39fee-10bc-4803-abd9-ea09bca3afd1,49.130.130.153,impression.poi,,,,"{'list': array([{'item': {'List': 0, 'Param': 'CityID', 'Value': '0'}},
       {'item': {'List': 0, 'Param': 'Lang', 'Value': 'hk'}},
       {'item': {'List': 0, 'Param': 'Ver', 'Value': '7.20.5'}},
       {'item': {'List': 0, 'Param': 'POIID', 'Value': '145404'}},
       {'item': {'List': 0, 'Param': 'Type', 'Value': 'General'}},
       {'item': {'List': 0, 'Param': 'sr', 'Value': '2'}},
       {'item': {'List': 0, 'Param': 'poiTypeId', 'Value': '1'}},
       {'item': {'List': 0, 'Param': 'sn', 'Value': 'HK.Search.SR1.1'}}],
      dtype=object)}",CityID:0;Lang:hk;Ver:7.20.5;POIID:145404;Type:General;sr:2;poiTypeId:1;sn:HK.Search.SR1.1,Events,OpenRice_iOS/7.20.5 (iPhone; iOS 26.6.2);Lang:zh-HK,OpenRice,production-orga-openrice-netcore-app-67b5c6675c-b4jfn,2026-09-15 07:31:01+00:00,ios
123448,1ea45fc0-b9e7-4835-8ebe-223344650e0a,2026-09-15 07:51:21.600000+00:00,79c39fee-10bc-4803-abd9-ea09bca3afd1,49.130.130.153,impression.poi,,,,"{'list': array([{'item': {'List': 0, 'Param': 'CityID', 'Value': '0'}},
       {'item': {'List': 0, 'Param': 'Lang', 'Value': 'hk'}},
       {'item': {'List': 0, 'Param': 'Ver', 'Value': '7.20.5'}},
       {'item': {'List': 0, 'Param': 'POIID', 'Value': '47077'}},
       {'item': {'List': 0, 'Param': 'Type', 'Value': 'General'}},
       {'item': {'List': 0, 'Param': 'sr', 'Value': '2'}},
       {'item': {'List': 0, 'Param': 'poiTypeId', 'Value': '1'}},
       {'item': {'List': 0, 'Param': 'sn', 'Value': 'HK.Search.SR1.1'}}],
      dtype=object)}",CityID:0;Lang:hk;Ver:7.20.5;POIID:47077;Type:General;sr:2;poiTypeId:1;sn:HK.Search.SR1.1,Events,OpenRice_iOS/7.20.5 (iPhone; iOS 26.6.2);Lang:zh-HK,OpenRice,production-orga-openrice-netcore-app-67b5c6675c-b4jfn,2026-09-15 07:31:01+00:00,ios
123448,1ea45fc0-b9e7-4835-8ebe-223344650e0a,2026-09-15 07:51:21.600000+00:00,79c39fee-10bc-4803-abd9-ea09bca3afd1,49.130.130.153,impression.poi,,,,"{'list': array([{'item': {'List': 0, 'Param': 'CityID', 'Value': '0'}},
       {'item': {'List': 0, 'Param': 'Lang', 'Value': 'hk'}},
       {'item': {'List': 0, 'Param': 'Ver', 'Value': '7.20.5'}},
       {'item': {'List': 0, 'Param': 'POIID', 'Value': '682564'}},
       {'item': {'List': 0, 'Param': 'Type', 'Value': 'General'}},
       {'item': {'List': 0, 'Param': 'sr', 'Value': '2'}},
       {'item': {'List': 0, 'Param': 'poiTypeId', 'Value': '1'}},
       {'item': {'List': 0, 'Param': 'sn', 'Value': 'HK.Search.SR1.1'}}],
      dtype=object)}",CityID:0;Lang:hk;Ver:7.20.5;POIID:682564;Type:General;sr:2;poiTypeId:1;sn:HK.Search.SR1.1,Events,OpenRice_iOS/7.20.5 (iPhone; iOS 26.6.2);Lang:zh-HK,OpenRice,production-orga-openrice-netcore-app-67b5c6675c-b4jfn,2026-09-15 07:31:01+00:00,ios
123448,1ea45fc0-b9e7-4835-8ebe-223344650e0a,2026-09-15 07:51:22.700000+00:00,79c39fee-10bc-4803-abd9-ea09bca3afd1,49.130.130.153,or.poi.get-details,,,,"{'list': array([{'item': {'List': 0, 'Param': 'CityID', 'Value': '0'}},
       {'item': {'List': 0, 'Param': 'Lang', 'Value': 'hk'}},
       {'item': {'List': 0, 'Param': 'Ver', 'Value': '7.20.5'}},
       {'item': {'List': 0, 'Param': 'POIID', 'Value': '682564'}},
       {'item': {'List': 0, 'Param': 'poiTypeId', 'Value': '1'}},
       {'item': {'List': 0, 'Param': 'sr', 'Value': 'sr1'}},
       {'item': {'List': 0, 'Param': 'sn', 'Value': 'HK.Search.SR1.1'}}],
      dtype=object)}",CityID:0;Lang:hk;Ver:7.20.5;POIID:682564;poiTypeId:1;sr:sr1;sn:HK.Search.SR1.1,Events,OpenRice_iOS/7.20.5 (iPhone; iOS 26.6.2);Lang:zh-HK,OpenRice,production-orga-openrice-netcore-app-67b5c6675c-b4jfn,2026-09-15 07:31:01+00:00,ios
123448,1ea45fc0-b9e7-4835-8ebe-223344650e0a,2026-09-15 07:51:22.700000+00:00,79c39fee-10bc-4803-abd9-ea09bca3afd1,49.130.130.153,or.search.get-poi,,,,"{'list': array([{'item': {'List': 0, 'Param': 'CityID', 'Value': '0'}},
       {'item': {'List': 0, 'Param': 'Lang', 'Value': 'hk'}},
       {'item': {'List': 0, 'Param': 'Ver', 'Value': '7.20.5'}},
       {'item': {'List': 0, 'Param': 'POIID', 'Value': '682564'}},
       {'item': {'List': 0, 'Param': 'poiTypeId', 'Value': '1'}},
       {'item': {'List': 0, 'Param': 'sr', 'Value': 'sr1'}},
       {'item': {'List': 0, 'Param': 'sn', 'Value': 'HK.Search.SR1.1'}}],
      dtype=object)}",CityID:0;Lang:hk;Ver:7.20.5;POIID:682564;poiTypeId:1;sr:sr1;sn:HK.Search.SR1.1,Events,OpenRice_iOS/7.20.5 (iPhone; iOS 26.6.2);Lang:zh-HK,OpenRice,production-orga-openrice-netcore-app-67b5c6675c-b4jfn,2026-09-15 07:31:01+00:00,ios
123448,1ea45fc0-b9e7-4835-8ebe-223344650e0a,2026-09-15 07:51:22.700000+00:00,79c39fee-10bc-4803-abd9-ea09bca3afd1,49.130.130.153,or.poi.get-overview,,,,"{'list': array([{'item': {'List': 0, 'Param': 'CityID', 'Value': '0'}},
       {'item': {'List': 0, 'Param': 'Lang', 'Value': 'hk'}},
       {'item': {'List': 0, 'Param': 'Ver', 'Value': '7.20.5'}},
       {'item': {'List': 0, 'Param': 'POIID', 'Value': '682564'}},
       {'item': {'List': 0, 'Param': 'poiTypeId', 'Value': '1'}},
       {'item': {'List': 0, 'Param': 'sn', 'Value': 'HK.Search.SR1.1'}}],
      dtype=object)}",CityID:0;Lang:hk;Ver:7.20.5;POIID:682564;poiTypeId:1;sn:HK.Search.SR1.1,Events,OpenRice_iOS/7.20.5 (iPhone; iOS 26.6.2);Lang:zh-HK,OpenRice,production-orga-openrice-netcore-app-67b5c6675c-b4jfn,2026-09-15 07:31:01+00:00,ios
123448,1ea45fc0-b9e7-4835-8ebe-223344650e0a,2026-09-15 07:51:26.200000+00:00,79c39fee-10bc-4803-abd9-ea09bca3afd1,49.130.130.153,or.takeaway.order,,,,"{'list': array([{'item': {'List': 0, 'Param': 'CityID', 'Value': '0'}},
       {'item': {'List': 0, 'Param': 'Lang', 'Value': 'hk'}},
       {'item': {'List': 0, 'Param': 'Ver', 'Value': '7.20.5'}},
       {'item': {'List': 0, 'Param': 'POIID', 'Value': '682564'}},
       {'item': {'List': 0, 'Param': 'sr', 'Value': 'sr2Tab'}},
       {'item': {'List': 0, 'Param': 'sn', 'Value': 'HK.Takeaway.order.682564'}}],
      dtype=object)}",CityID:0;Lang:hk;Ver:7.20.5;POIID:682564;sr:sr2Tab;sn:HK.Takeaway.order.682564,Events,OpenRice_iOS/7.20.5 (iPhone; iOS 26.6.2);Lang:zh-HK,OpenRice,production-orga-openrice-netcore-app-67b5c6675c-b4jfn,2026-09-15 07:31:01+00:00,ios
123448,1ea45fc0-b9e7-4835-8ebe-223344650e0a,2026-09-15 07:51:43.700000+00:00,79c39fee-10bc-4803-abd9-ea09bca3afd1,49.130.130.153,or.takeaway.checkout,,,,"{'list': array([{'item': {'List': 0, 'Param': 'CityID', 'Value': '0'}},
       {'item': {'List': 0, 'Param': 'Lang', 'Value': 'hk'}},
       {'item': {'List': 0, 'Param': 'Ver', 'Value': '7.20.5'}},
       {'item': {'List': 0, 'Param': 'sr', 'Value': 'menu'}},
       {'item': {'List': 0, 'Param': 'POIID', 'Value': '682564'}},
       {'item': {'List': 0, 'Param': 'sn', 'Value': 'HK.Takeaway.order.682564'}}],
      dtype=object)}",CityID:0;Lang:hk;Ver:7.20.5;sr:menu;POIID:682564;sn:HK.Takeaway.order.682564,Events,OpenRice_iOS/7.20.5 (iPhone; iOS 26.6.2);Lang:zh-HK,OpenRice,production-orga-openrice-netcore-app-67b5c6675c-j2lhc,2026-09-15 07:31:01+00:00,ios
123448,1ea45fc0-b9e7-4835-8ebe-223344650e0a,2026-09-15 07:52:03.600000+00:00,79c39fee-10bc-4803-abd9-ea09bca3afd1,49.130.130.153,or.takeaway.checkout,,,,"{'list': array([{'item': {'List': 0, 'Param': 'CityID', 'Value': '0'}},
       {'item': {'List': 0, 'Param': 'Lang', 'Value': 'hk'}},
       {'item': {'List': 0, 'Param': 'Ver', 'Value': '7.20.5'}},
       {'item': {'List': 0, 'Param': 'sr', 'Value': 'menu'}},
       {'item': {'List': 0, 'Param': 'POIID', 'Value': '682564'}},
       {'item': {'List': 0, 'Param': 'sn', 'Value': 'HK.Takeaway.order.682564'}}],
      dtype=object)}",CityID:0;Lang:hk;Ver:7.20.5;sr:menu;POIID:682564;sn:HK.Takeaway.order.682564,Events,OpenRice_iOS/7.20.5 (iPhone; iOS 26.6.2);Lang:zh-HK,OpenRice,production-orga-openrice-netcore-app-67b5c6675c-b4jfn,2026-09-15 07:31:01+00:00,ios
123448,1ea45fc0-b9e7-4835-8ebe-223344650e0a,2026-09-15 07:52:08.700000+00:00,79c39fee-10bc-4803-abd9-ea09bca3afd1,49.130.130.170,or.takeaway.place-order,,,,"{'list': array([{'item': {'List': 0, 'Param': 'CityID', 'Value': '0'}},
       {'item': {'List': 0, 'Param': 'Lang', 'Value': 'hk'}},
       {'item': {'List': 0, 'Param': 'Ver', 'Value': '7.20.5'}},
       {'item': {'List': 0, 'Param': 'sr', 'Value': 'checkout'}},
       {'item': {'List': 0, 'Param': 'POIID', 'Value': '682564'}},
       {'item': {'List': 0, 'Param': 'PromoCode', 'Value': 'None'}},
       {'item': {'List': 0, 'Param': 'sn', 'Value': 'HK.Takeaway.checkout.682564'}}],
      dtype=object)}",CityID:0;Lang:hk;Ver:7.20.5;sr:checkout;POIID:682564;PromoCode:None;sn:HK.Takeaway.checkout.682564,Events,OpenRice_iOS/7.20.5 (iPhone; iOS 26.6.2);Lang:zh-HK,OpenRice,production-orga-openrice-netcore-app-67b5c6675c-j2lhc,2026-09-15 07:53:01+00:00,ios
123448,1ea45fc0-b9e7-4835-8ebe-223344650e0a,2026-09-15 07:52:22.100000+00:00,79c39fee-10bc-4803-abd9-ea09bca3afd1,49.130.130.170,or.app.resume,,,,"{'list': array([{'item': {'List': 0, 'Param': 'CityID', 'Value': '0'}},
       {'item': {'List': 0, 'Param': 'Lang', 'Value': 'hk'}},
       {'item': {'List': 0, 'Param': 'Ver', 'Value': '7.20.5'}}],
      dtype=object)}",CityID:0;Lang:hk;Ver:7.20.5,Events,OpenRice_iOS/7.20.5 (iPhone; iOS 26.6.2);Lang:zh-HK,OpenRice,production-orga-openrice-netcore-app-67b5c6675c-j2lhc,2026-09-15 07:53:01+00:00,ios
123448,1ea45fc0-b9e7-4835-8ebe-223344650e0a,2026-09-15 07:52:23.100000+00:00,79c39fee-10bc-4803-abd9-ea09bca3afd1,49.130.130.170,or.takeaway.pay,,,,"{'list': array([{'item': {'List': 0, 'Param': 'CityID', 'Value': '0'}},
       {'item': {'List': 0, 'Param': 'Lang', 'Value': 'hk'}},
       {'item': {'List': 0, 'Param': 'Ver', 'Value': '7.20.5'}},
       {'item': {'List': 0, 'Param': 'sr', 'Value': 'payment'}},
       {'item': {'List': 0, 'Param': 'poiId', 'Value': '682564'}}],
      dtype=object)}",CityID:0;Lang:hk;Ver:7.20.5;sr:payment;poiId:682564,Events,OpenRice_iOS/7.20.5 (iPhone; iOS 26.6.2);Lang:zh-HK,OpenRice,production-orga-openrice-netcore-app-67b5c6675c-j2lhc,2026-09-15 07:53:01+00:00,ios
123448,1ea45fc0-b9e7-4835-8ebe-223344650e0a,2026-09-15 08:13:41.500000+00:00,79c39fee-10bc-4803-abd9-ea09bca3afd1,49.130.130.170,or.app.resume,,,,"{'list': array([{'item': {'List': 0, 'Param': 'CityID', 'Value': '0'}},
       {'item': {'List': 0, 'Param': 'Lang', 'Value': 'hk'}},
       {'item': {'List': 0, 'Param': 'Ver', 'Value': '7.20.5'}}],
      dtype=object)}",CityID:0;Lang:hk;Ver:7.20.5,Events,OpenRice_iOS/7.20.5 (iPhone; iOS 26.6.2);Lang:zh-HK,OpenRice,production-orga-openrice-netcore-app-67b5c6675c-j2lhc,2026-09-15 07:53:01+00:00,ios
123448,1ea45fc0-b9e7-4835-8ebe-223344650e0a,2026-09-15 08:20:22.900000+00:00,79c39fee-10bc-4803-abd9-ea09bca3afd1,49.130.130.50,or.app.resume,,,,"{'list': array([{'item': {'List': 0, 'Param': 'CityID', 'Value': '0'}},
       {'item': {'List': 0, 'Param': 'Lang', 'Value': 'hk'}},
       {'item': {'List': 0, 'Param': 'Ver', 'Value': '7.20.5'}}],
      dtype=object)}",CityID:0;Lang:hk;Ver:7.20.5,Events,OpenRice_iOS/7.20.5 (iPhone; iOS 26.6.2);Lang:zh-HK,OpenRice,production-orga-openrice-netcore-app-67b5c6675c-9plj9,2026-09-15 17:31:02+00:00,ios
1025038,fe7dcdfb-1f37-442f-aabc-6c90513e31c0,2026-09-15 07:51:33.800000+00:00,ee004e2a-cf7b-43d4-ac42-490979d5b4ea,49.130.129.80,or.app.resume,,,,"{'list': array([{'item': {'List': 0, 'Param': 'CityID', 'Value': '0'}},
       {'item': {'List': 0, 'Param': 'Lang', 'Value': 'hk'}},
       {'item': {'List': 0, 'Param': 'Ver', 'Value': '7.20.5'}}],
      dtype=object)}",CityID:0;Lang:hk;Ver:7.20.5,Events,OpenRice_iOS/7.20.5 (iPhone; iOS 26.6.2);Lang:zh-HK,OpenRice,production-orga-openrice-netcore-app-67b5c6675c-9plj9,2026-09-15 07:31:01+00:00,ios
1025038,fe7dcdfb-1f37-442f-aabc-6c90513e31c0,2026-09-15 07:51:34+00:00,ee004e2a-cf7b-43d4-ac42-490979d5b4ea,49.130.129.80,or.app.start,,,,"{'list': array([{'item': {'List': 0, 'Param': 'CityID', 'Value': '0'}},
       {'item': {'List': 0, 'Param': 'Lang', 'Value': 'hk'}},
       {'item': {'List': 0, 'Param': 'Ver', 'Value': '7.20.5'}},
       {'item': {'List': 0, 'Param': 'device', 'Value': 'iPhone18,2'}}],
      dtype=object)}","CityID:0;Lang:hk;Ver:7.20.5;device:iPhone18,2",Events,OpenRice_iOS/7.20.5 (iPhone; iOS 26.6.2);Lang:zh-HK,OpenRice,production-orga-openrice-netcore-app-67b5c6675c-9plj9,2026-09-15 07:31:01+00:00,ios
1025038,fe7dcdfb-1f37-442f-aabc-6c90513e31c0,2026-09-15 07:51:35.500000+00:00,ee004e2a-cf7b-43d4-ac42-490979d5b4ea,49.130.129.80,or.qcksearch,,,,"{'list': array([{'item': {'List': 0, 'Param': 'CityID', 'Value': '0'}},
       {'item': {'List': 0, 'Param': 'sr', 'Value': 'Index'}},
       {'item': {'List': 0, 'Param': 'sn', 'Value': 'HK.Home'}}],
      dtype=object)}",CityID:0;sr:Index;sn:HK.Home,Events,OpenRice_iOS/7.20.5 (iPhone; iOS 26.6.2);Lang:zh-HK,OpenRice,production-orga-openrice-netcore-app-67b5c6675c-9plj9,2026-09-15 07:31:01+00:00,ios
1025038,fe7dcdfb-1f37-442f-aabc-6c90513e31c0,2026-09-15 07:51:37.300000+00:00,ee004e2a-cf7b-43d4-ac42-490979d5b4ea,49.130.129.80,or.search.layer,,,,"{'list': array([{'item': {'List': 0, 'Param': 'CityID', 'Value': '0'}},
       {'item': {'List': 0, 'Param': 'Lang', 'Value': 'hk'}},
       {'item': {'List': 0, 'Param': 'Ver', 'Value': '7.20.5'}},
       {'item': {'List': 0, 'Param': 'sn', 'Value': 'HK.QckSearch'}}],
      dtype=object)}",CityID:0;Lang:hk;Ver:7.20.5;sn:HK.QckSearch,Events,OpenRice_iOS/7.20.5 (iPhone; iOS 26.6.2);Lang:zh-HK,OpenRice,production-orga-openrice-netcore-app-67b5c6675c-9plj9,2026-09-15 07:31:01+00:00,ios
1025038,fe7dcdfb-1f37-442f-aabc-6c90513e31c0,2026-09-15 07:51:43.800000+00:00,ee004e2a-cf7b-43d4-ac42-490979d5b4ea,49.130.129.80,or.search.layer.tips,,,,"{'list': array([{'item': {'List': 0, 'Param': 'CityID', 'Value': '0'}},
       {'item': {'List': 0, 'Param': 'Lang', 'Value': 'hk'}},
       {'item': {'List': 0, 'Param': 'Ver', 'Value': '7.20.5'}},
       {'item': {'List': 0, 'Param': 'sn', 'Value': 'HK.search.layer'}},
       {'item': {'List': 0, 'Param': 'chainId', 'Value': '10007494'}}],
      dtype=object)}",CityID:0;Lang:hk;Ver:7.20.5;sn:HK.search.layer;chainId:10007494,Events,OpenRice_iOS/7.20.5 (iPhone; iOS 26.6.2);Lang:zh-HK,OpenRice,production-orga-openrice-netcore-app-67b5c6675c-9plj9,2026-09-15 07:31:01+00:00,ios
1025038,fe7dcdfb-1f37-442f-aabc-6c90513e31c0,2026-09-15 07:51:44.500000+00:00,ee004e2a-cf7b-43d4-ac42-490979d5b4ea,49.130.129.80,impression.poi,,,,"{'list': array([{'item': {'List': 0, 'Param': 'CityID', 'Value': '0'}},
       {'item': {'List': 0, 'Param': 'Lang', 'Value': 'hk'}},
       {'item': {'List': 0, 'Param': 'Ver', 'Value': '7.20.5'}},
       {'item': {'List': 0, 'Param': 'POIID', 'Value': '728880'}},
       {'item': {'List': 0, 'Param': 'Type', 'Value': 'General'}},
       {'item': {'List': 0, 'Param': 'sr', 'Value': '2'}},
       {'item': {'List': 0, 'Param': 'poiTypeId', 'Value': '1'}},
       {'item': {'List': 0, 'Param': 'sn', 'Value': 'HK.Search.SR1.1'}}],
      dtype=object)}",CityID:0;Lang:hk;Ver:7.20.5;POIID:728880;Type:General;sr:2;poiTypeId:1;sn:HK.Search.SR1.1,Events,OpenRice_iOS/7.20.5 (iPhone; iOS 26.6.2);Lang:zh-HK,OpenRice,production-orga-openrice-netcore-app-67b5c6675c-9plj9,2026-09-15 07:31:01+00:00,ios
1025038,fe7dcdfb-1f37-442f-aabc-6c90513e31c0,2026-09-15 07:51:44.600000+00:00,ee004e2a-cf7b-43d4-ac42-490979d5b4ea,49.130.129.80,impression.poi,,,,"{'list': array([{'item': {'List': 0, 'Param': 'CityID', 'Value': '0'}},
       {'item': {'List': 0, 'Param': 'Lang', 'Value': 'hk'}},
       {'item': {'List': 0, 'Param': 'Ver', 'Value': '7.20.5'}},
       {'item': {'List': 0, 'Param': 'POIID', 'Value': '865079'}},
       {'item': {'List': 0, 'Param': 'Type', 'Value': 'General'}},
       {'item': {'List': 0, 'Param': 'sr', 'Value': '2'}},
       {'item': {'List': 0, 'Param': 'poiTypeId', 'Value': '1'}},
       {'item': {'List': 0, 'Param': 'sn', 'Value': 'HK.Search.SR1.1'}}],
      dtype=object)}",CityID:0;Lang:hk;Ver:7.20.5;POIID:865079;Type:General;sr:2;poiTypeId:1;sn:HK.Search.SR1.1,Events,OpenRice_iOS/7.20.5 (iPhone; iOS 26.6.2);Lang:zh-HK,OpenRice,production-orga-openrice-netcore-app-67b5c6675c-9plj9,2026-09-15 07:31:01+00:00,ios
1025038,fe7dcdfb-1f37-442f-aabc-6c90513e31c0,2026-09-15 07:51:44.600000+00:00,ee004e2a-cf7b-43d4-ac42-490979d5b4ea,49.130.129.80,impression.poi,,,,"{'list': array([{'item': {'List': 0, 'Param': 'CityID', 'Value': '0'}},
       {'item': {'List': 0, 'Param': 'Lang', 'Value': 'hk'}},
       {'item': {'List': 0, 'Param': 'Ver', 'Value': '7.20.5'}},
       {'item': {'List': 0, 'Param': 'POIID', 'Value': '885674'}},
       {'item': {'List': 0, 'Param': 'Type', 'Value': 'General'}},
       {'item': {'List': 0, 'Param': 'sr', 'Value': '2'}},
       {'item': {'List': 0, 'Param': 'poiTypeId', 'Value': '1'}},
       {'item': {'List': 0, 'Param': 'sn', 'Value': 'HK.Search.SR1.1'}}],
      dtype=object)}",CityID:0;Lang:hk;Ver:7.20.5;POIID:885674;Type:General;sr:2;poiTypeId:1;sn:HK.Search.SR1.1,Events,OpenRice_iOS/7.20.5 (iPhone; iOS 26.6.2);Lang:zh-HK,OpenRice,production-orga-openrice-netcore-app-67b5c6675c-9plj9,2026-09-15 07:31:01+00:00,ios
1025038,fe7dcdfb-1f37-442f-aabc-6c90513e31c0,2026-09-15 07:51:46.800000+00:00,ee004e2a-cf7b-43d4-ac42-490979d5b4ea,49.130.129.80,or.poi.get-details,,,,"{'list': array([{'item': {'List': 0, 'Param': 'CityID', 'Value': '0'}},
       {'item': {'List': 0, 'Param': 'Lang', 'Value': 'hk'}},
       {'item': {'List': 0, 'Param': 'Ver', 'Value': '7.20.5'}},
       {'item': {'List': 0, 'Param': 'POIID', 'Value': '728880'}},
       {'item': {'List': 0, 'Param': 'poiTypeId', 'Value': '1'}},
       {'item': {'List': 0, 'Param': 'sr', 'Value': 'sr1'}},
       {'item': {'List': 0, 'Param': 'sn', 'Value': 'HK.Search.SR1.1'}}],
      dtype=object)}",CityID:0;Lang:hk;Ver:7.20.5;POIID:728880;poiTypeId:1;sr:sr1;sn:HK.Search.SR1.1,Events,OpenRice_iOS/7.20.5 (iPhone; iOS 26.6.2);Lang:zh-HK,OpenRice,production-orga-openrice-netcore-app-67b5c6675c-9plj9,2026-09-15 07:31:01+00:00,ios
1025038,fe7dcdfb-1f37-442f-aabc-6c90513e31c0,2026-09-15 07:51:46.800000+00:00,ee004e2a-cf7b-43d4-ac42-490979d5b4ea,49.130.129.80,or.search.get-poi,,,,"{'list': array([{'item': {'List': 0, 'Param': 'CityID', 'Value': '0'}},
       {'item': {'List': 0, 'Param': 'Lang', 'Value': 'hk'}},
       {'item': {'List': 0, 'Param': 'Ver', 'Value': '7.20.5'}},
       {'item': {'List': 0, 'Param': 'POIID', 'Value': '728880'}},
       {'item': {'List': 0, 'Param': 'poiTypeId', 'Value': '1'}},
       {'item': {'List': 0, 'Param': 'sr', 'Value': 'sr1'}},
       {'item': {'List': 0, 'Param': 'sn', 'Value': 'HK.Search.SR1.1'}}],
      dtype=object)}",CityID:0;Lang:hk;Ver:7.20.5;POIID:728880;poiTypeId:1;sr:sr1;sn:HK.Search.SR1.1,Events,OpenRice_iOS/7.20.5 (iPhone; iOS 26.6.2);Lang:zh-HK,OpenRice,production-orga-openrice-netcore-app-67b5c6675c-9plj9,2026-09-15 07:31:01+00:00,ios
1025038,fe7dcdfb-1f37-442f-aabc-6c90513e31c0,2026-09-15 07:51:46.900000+00:00,ee004e2a-cf7b-43d4-ac42-490979d5b4ea,49.130.129.80,or.poi.get-overview,,,,"{'list': array([{'item': {'List': 0, 'Param': 'CityID', 'Value': '0'}},
       {'item': {'List': 0, 'Param': 'Lang', 'Value': 'hk'}},
       {'item': {'List': 0, 'Param': 'Ver', 'Value': '7.20.5'}},
       {'item': {'List': 0, 'Param': 'POIID', 'Value': '728880'}},
       {'item': {'List': 0, 'Param': 'poiTypeId', 'Value': '1'}},
       {'item': {'List': 0, 'Param': 'sn', 'Value': 'HK.Search.SR1.1'}}],
      dtype=object)}",CityID:0;Lang:hk;Ver:7.20.5;POIID:728880;poiTypeId:1;sn:HK.Search.SR1.1,Events,OpenRice_iOS/7.20.5 (iPhone; iOS 26.6.2);Lang:zh-HK,OpenRice,production-orga-openrice-netcore-app-67b5c6675c-9plj9,2026-09-15 07:31:01+00:00,ios
1025038,fe7dcdfb-1f37-442f-aabc-6c90513e31c0,2026-09-15 07:51:49+00:00,ee004e2a-cf7b-43d4-ac42-490979d5b4ea,49.130.129.80,or.takeaway.order,,,,"{'list': array([{'item': {'List': 0, 'Param': 'CityID', 'Value': '0'}},
       {'item': {'List': 0, 'Param': 'Lang', 'Value': 'hk'}},
       {'item': {'List': 0, 'Param': 'Ver', 'Value': '7.20.5'}},
       {'item': {'List': 0, 'Param': 'POIID', 'Value': '728880'}},
       {'item': {'List': 0, 'Param': 'sr', 'Value': 'sr2Tab'}},
       {'item': {'List': 0, 'Param': 'sn', 'Value': 'HK.Takeaway.order.728880'}}],
      dtype=object)}",CityID:0;Lang:hk;Ver:7.20.5;POIID:728880;sr:sr2Tab;sn:HK.Takeaway.order.728880,Events,OpenRice_iOS/7.20.5 (iPhone; iOS 26.6.2);Lang:zh-HK,OpenRice,production-orga-openrice-netcore-app-67b5c6675c-j2lhc,2026-09-15 07:31:01+00:00,ios
1025038,fe7dcdfb-1f37-442f-aabc-6c90513e31c0,2026-09-15 07:51:53.400000+00:00,ee004e2a-cf7b-43d4-ac42-490979d5b4ea,49.130.129.80,or.app.resume,,,,"{'list': array([{'item': {'List': 0, 'Param': 'CityID', 'Value': '0'}},
       {'item': {'List': 0, 'Param': 'Lang', 'Value': 'hk'}},
       {'item': {'List': 0, 'Param': 'Ver', 'Value': '7.20.5'}}],
      dtype=object)}",CityID:0;Lang:hk;Ver:7.20.5,Events,OpenRice_iOS/7.20.5 (iPhone; iOS 26.6.2);Lang:zh-HK,OpenRice,production-orga-openrice-netcore-app-67b5c6675c-j2lhc,2026-09-15 07:31:01+00:00,ios
1025038,fe7dcdfb-1f37-442f-aabc-6c90513e31c0,2026-09-15 07:52:24+00:00,ee004e2a-cf7b-43d4-ac42-490979d5b4ea,49.130.129.80,or.takeaway.checkout,,,,"{'list': array([{'item': {'List': 0, 'Param': 'CityID', 'Value': '0'}},
       {'item': {'List': 0, 'Param': 'Lang', 'Value': 'hk'}},
       {'item': {'List': 0, 'Param': 'Ver', 'Value': '7.20.5'}},
       {'item': {'List': 0, 'Param': 'sr', 'Value': 'menu'}},
       {'item': {'List': 0, 'Param': 'POIID', 'Value': '728880'}},
       {'item': {'List': 0, 'Param': 'sn', 'Value': 'HK.Takeaway.order.728880'}}],
      dtype=object)}",CityID:0;Lang:hk;Ver:7.20.5;sr:menu;POIID:728880;sn:HK.Takeaway.order.728880,Events,OpenRice_iOS/7.20.5 (iPhone; iOS 26.6.2);Lang:zh-HK,OpenRice,production-orga-openrice-netcore-app-67b5c6675c-9plj9,2026-09-15 07:32:01+00:00,ios
1025038,fe7dcdfb-1f37-442f-aabc-6c90513e31c0,2026-09-15 07:52:35.100000+00:00,ee004e2a-cf7b-43d4-ac42-490979d5b4ea,49.130.129.80,or.takeaway.place-order,,,,"{'list': array([{'item': {'List': 0, 'Param': 'CityID', 'Value': '0'}},
       {'item': {'List': 0, 'Param': 'Lang', 'Value': 'hk'}},
       {'item': {'List': 0, 'Param': 'Ver', 'Value': '7.20.5'}},
       {'item': {'List': 0, 'Param': 'sr', 'Value': 'checkout'}},
       {'item': {'List': 0, 'Param': 'POIID', 'Value': '728880'}},
       {'item': {'List': 0, 'Param': 'PromoCode', 'Value': 'None'}},
       {'item': {'List': 0, 'Param': 'sn', 'Value': 'HK.Takeaway.checkout.728880'}}],
      dtype=object)}",CityID:0;Lang:hk;Ver:7.20.5;sr:checkout;POIID:728880;PromoCode:None;sn:HK.Takeaway.checkout.728880,Events,OpenRice_iOS/7.20.5 (iPhone; iOS 26.6.2);Lang:zh-HK,OpenRice,production-orga-openrice-netcore-app-67b5c6675c-9plj9,2026-09-15 07:32:01+00:00,ios
1025038,fe7dcdfb-1f37-442f-aabc-6c90513e31c0,2026-09-15 07:52:45.600000+00:00,ee004e2a-cf7b-43d4-ac42-490979d5b4ea,49.130.129.80,or.app.resume,,,,"{'list': array([{'item': {'List': 0, 'Param': 'CityID', 'Value': '0'}},
       {'item': {'List': 0, 'Param': 'Lang', 'Value': 'hk'}},
       {'item': {'List': 0, 'Param': 'Ver', 'Value': '7.20.5'}}],
      dtype=object)}",CityID:0;Lang:hk;Ver:7.20.5,Events,OpenRice_iOS/7.20.5 (iPhone; iOS 26.6.2);Lang:zh-HK,OpenRice,production-orga-openrice-netcore-app-67b5c6675c-b4jfn,2026-09-15 07:43:02+00:00,ios
1025038,fe7dcdfb-1f37-442f-aabc-6c90513e31c0,2026-09-15 07:52:46.600000+00:00,ee004e2a-cf7b-43d4-ac42-490979d5b4ea,49.130.129.80,or.takeaway.pay,,,,"{'list': array([{'item': {'List': 0, 'Param': 'CityID', 'Value': '0'}},
       {'item': {'List': 0, 'Param': 'Lang', 'Value': 'hk'}},
       {'item': {'List': 0, 'Param': 'Ver', 'Value': '7.20.5'}},
       {'item': {'List': 0, 'Param': 'sr', 'Value': 'payment'}},
       {'item': {'List': 0, 'Param': 'poiId', 'Value': '728880'}}],
      dtype=object)}",CityID:0;Lang:hk;Ver:7.20.5;sr:payment;poiId:728880,Events,OpenRice_iOS/7.20.5 (iPhone; iOS 26.6.2);Lang:zh-HK,OpenRice,production-orga-openrice-netcore-app-67b5c6675c-b4jfn,2026-09-15 07:43:02+00:00,ios
1025038,fe7dcdfb-1f37-442f-aabc-6c90513e31c0,2026-09-15 08:02:22.700000+00:00,ee004e2a-cf7b-43d4-ac42-490979d5b4ea,49.130.129.80,or.app.resume,,,,"{'list': array([{'item': {'List': 0, 'Param': 'CityID', 'Value': '0'}},
       {'item': {'List': 0, 'Param': 'Lang', 'Value': 'hk'}},
       {'item': {'List': 0, 'Param': 'Ver', 'Value': '7.20.5'}}],
      dtype=object)}",CityID:0;Lang:hk;Ver:7.20.5,Events,OpenRice_iOS/7.20.5 (iPhone; iOS 26.6.2);Lang:zh-HK,OpenRice,production-orga-openrice-netcore-app-67b5c6675c-b4jfn,2026-09-15 07:43:02+00:00,ios
1025038,fe7dcdfb-1f37-442f-aabc-6c90513e31c0,2026-09-15 08:03:36.100000+00:00,ee004e2a-cf7b-43d4-ac42-490979d5b4ea,49.130.129.80,or.app.resume,,,,"{'list': array([{'item': {'List': 0, 'Param': 'CityID', 'Value': '0'}},
       {'item': {'List': 0, 'Param': 'Lang', 'Value': 'hk'}},
       {'item': {'List': 0, 'Param': 'Ver', 'Value': '7.20.5'}}],
      dtype=object)}",CityID:0;Lang:hk;Ver:7.20.5,Events,OpenRice_iOS/7.20.5 (iPhone; iOS 26.6.2);Lang:zh-HK,OpenRice,production-orga-openrice-netcore-app-67b5c6675c-b4jfn,2026-09-15 07:43:02+00:00,ios
784432,c2f3e75e-11d6-42c4-a230-090882971150,2026-09-15 07:51:46.900000+00:00,5007bdff-d45f-4e07-8c14-b5183f5b4b89,14.0.224.148,or.app.start,,,,"{'list': array([{'item': {'List': 0, 'Param': 'CityID', 'Value': '0'}},
       {'item': {'List': 0, 'Param': 'Lang', 'Value': 'hk'}},
       {'item': {'List': 0, 'Param': 'Ver', 'Value': '7.20.4'}},
       {'item': {'List': 0, 'Param': 'device', 'Value': 'iPhone18,1'}}],
      dtype=object)}","CityID:0;Lang:hk;Ver:7.20.4;device:iPhone18,1",Events,OpenRice_iOS/7.20.4 (iPhone; iOS 26.6.1);Lang:zh-HK,OpenRice,production-orga-openrice-netcore-app-67b5c6675c-9plj9,2026-09-15 07:31:01+00:00,ios
784432,c2f3e75e-11d6-42c4-a230-090882971150,2026-09-15 07:52:15.400000+00:00,5007bdff-d45f-4e07-8c14-b5183f5b4b89,14.0.224.148,user.myor,,,,"{'list': array([{'item': {'List': 0, 'Param': 'CityID', 'Value': '0'}},
       {'item': {'List': 0, 'Param': 'Lang', 'Value': 'hk'}},
       {'item': {'List': 0, 'Param': 'Ver', 'Value': '7.20.4'}},
       {'item': {'List': 0, 'Param': 'sr', 'Value': 'btmBar'}}],
      dtype=object)}",CityID:0;Lang:hk;Ver:7.20.4;sr:btmBar,Events,OpenRice_iOS/7.20.4 (iPhone; iOS 26.6.1);Lang:zh-HK,OpenRice,production-orga-openrice-netcore-app-67b5c6675c-b4jfn,2026-09-15 07:32:01+00:00,ios
784432,c2f3e75e-11d6-42c4-a230-090882971150,2026-09-15 07:52:17.900000+00:00,5007bdff-d45f-4e07-8c14-b5183f5b4b89,14.0.224.148,or.myor.orderList,,,,"{'list': array([{'item': {'List': 0, 'Param': '(null)', 'Value': ''}},
       {'item': {'List': 0, 'Param': 'sn', 'Value': 'HK.Me'}}],
      dtype=object)}",(null);sn:HK.Me,Events,OpenRice_iOS/7.20.4 (iPhone; iOS 26.6.1);Lang:zh-HK,OpenRice,production-orga-openrice-netcore-app-67b5c6675c-j2lhc,2026-09-15 07:32:01+00:00,ios
784432,c2f3e75e-11d6-42c4-a230-090882971150,2026-09-15 07:52:24.200000+00:00,5007bdff-d45f-4e07-8c14-b5183f5b4b89,14.0.224.148,or.poi.get-details,,,,"{'list': array([{'item': {'List': 0, 'Param': 'CityID', 'Value': '0'}},
       {'item': {'List': 0, 'Param': 'Lang', 'Value': 'hk'}},
       {'item': {'List': 0, 'Param': 'Ver', 'Value': '7.20.4'}},
       {'item': {'List': 0, 'Param': 'POIID', 'Value': '892754'}},
       {'item': {'List': 0, 'Param': 'sn', 'Value': 'HK.Takeaway.detail.892754'}}],
      dtype=object)}",CityID:0;Lang:hk;Ver:7.20.4;POIID:892754;sn:HK.Takeaway.detail.892754,Events,OpenRice_iOS/7.20.4 (iPhone; iOS 26.6.1);Lang:zh-HK,OpenRice,production-orga-openrice-netcore-app-67b5c6675c-j2lhc,2026-09-15 07:32:01+00:00,ios
784432,c2f3e75e-11d6-42c4-a230-090882971150,2026-09-15 07:52:24.300000+00:00,5007bdff-d45f-4e07-8c14-b5183f5b4b89,14.0.224.148,or.poi.get-overview,,,,"{'list': array([{'item': {'List': 0, 'Param': 'CityID', 'Value': '0'}},
       {'item': {'List': 0, 'Param': 'Lang', 'Value': 'hk'}},
       {'item': {'List': 0, 'Param': 'Ver', 'Value': '7.20.4'}},
       {'item': {'List': 0, 'Param': 'POIID', 'Value': '892754'}},
       {'item': {'List': 0, 'Param': 'sn', 'Value': 'HK.Takeaway.detail.892754'}}],
      dtype=object)}",CityID:0;Lang:hk;Ver:7.20.4;POIID:892754;sn:HK.Takeaway.detail.892754,Events,OpenRice_iOS/7.20.4 (iPhone; iOS 26.6.1);Lang:zh-HK,OpenRice,production-orga-openrice-netcore-app-67b5c6675c-j2lhc,2026-09-15 07:32:01+00:00,ios
784432,c2f3e75e-11d6-42c4-a230-090882971150,2026-09-15 07:52:28.300000+00:00,5007bdff-d45f-4e07-8c14-b5183f5b4b89,14.0.224.148,or.takeaway.order,,,,"{'list': array([{'item': {'List': 0, 'Param': 'CityID', 'Value': '0'}},
       {'item': {'List': 0, 'Param': 'Lang', 'Value': 'hk'}},
       {'item': {'List': 0, 'Param': 'Ver', 'Value': '7.20.4'}},
       {'item': {'List': 0, 'Param': 'POIID', 'Value': '892754'}},
       {'item': {'List': 0, 'Param': 'sr', 'Value': 'sr2Tab'}},
       {'item': {'List': 0, 'Param': 'sn', 'Value': 'HK.Takeaway.order.892754'}}],
      dtype=object)}",CityID:0;Lang:hk;Ver:7.20.4;POIID:892754;sr:sr2Tab;sn:HK.Takeaway.order.892754,Events,OpenRice_iOS/7.20.4 (iPhone; iOS 26.6.1);Lang:zh-HK,OpenRice,production-orga-openrice-netcore-app-67b5c6675c-j2lhc,2026-09-15 07:32:01+00:00,ios
784432,c2f3e75e-11d6-42c4-a230-090882971150,2026-09-15 07:53:25.600000+00:00,5007bdff-d45f-4e07-8c14-b5183f5b4b89,14.0.224.148,or.takeaway.checkout,,,,"{'list': array([{'item': {'List': 0, 'Param': 'CityID', 'Value': '0'}},
       {'item': {'List': 0, 'Param': 'Lang', 'Value': 'hk'}},
       {'item': {'List': 0, 'Param': 'Ver', 'Value': '7.20.4'}},
       {'item': {'List': 0, 'Param': 'sr', 'Value': 'menu'}},
       {'item': {'List': 0, 'Param': 'POIID', 'Value': '892754'}},
       {'item': {'List': 0, 'Param': 'sn', 'Value': 'HK.Takeaway.order.892754'}}],
      dtype=object)}",CityID:0;Lang:hk;Ver:7.20.4;sr:menu;POIID:892754;sn:HK.Takeaway.order.892754,Events,OpenRice_iOS/7.20.4 (iPhone; iOS 26.6.1);Lang:zh-HK,OpenRice,production-orga-openrice-netcore-app-67b5c6675c-9plj9,2026-09-15 07:33:01+00:00,ios
784432,c2f3e75e-11d6-42c4-a230-090882971150,2026-09-15 07:53:35.800000+00:00,5007bdff-d45f-4e07-8c14-b5183f5b4b89,14.0.224.148,or.takeaway.place-order,,,,"{'list': array([{'item': {'List': 0, 'Param': 'CityID', 'Value': '0'}},
       {'item': {'List': 0, 'Param': 'Lang', 'Value': 'hk'}},
       {'item': {'List': 0, 'Param': 'Ver', 'Value': '7.20.4'}},
       {'item': {'List': 0, 'Param': 'sr', 'Value': 'checkout'}},
       {'item': {'List': 0, 'Param': 'POIID', 'Value': '892754'}},
       {'item': {'List': 0, 'Param': 'PromoCode', 'Value': 'None'}},
       {'item': {'List': 0, 'Param': 'sn', 'Value': 'HK.Takeaway.checkout.892754'}}],
      dtype=object)}",CityID:0;Lang:hk;Ver:7.20.4;sr:checkout;POIID:892754;PromoCode:None;sn:HK.Takeaway.checkout.892754,Events,OpenRice_iOS/7.20.4 (iPhone; iOS 26.6.1);Lang:zh-HK,OpenRice,production-orga-openrice-netcore-app-67b5c6675c-j2lhc,2026-09-15 07:33:01+00:00,ios
784432,c2f3e75e-11d6-42c4-a230-090882971150,2026-09-15 07:53:49.800000+00:00,5007bdff-d45f-4e07-8c14-b5183f5b4b89,14.0.224.148,or.app.resume,,,,"{'list': array([{'item': {'List': 0, 'Param': 'CityID', 'Value': '0'}},
       {'item': {'List': 0, 'Param': 'Lang', 'Value': 'hk'}},
       {'item': {'List': 0, 'Param': 'Ver', 'Value': '7.20.4'}}],
      dtype=object)}",CityID:0;Lang:hk;Ver:7.20.4,Events,OpenRice_iOS/7.20.4 (iPhone; iOS 26.6.1);Lang:zh-HK,OpenRice,production-orga-openrice-netcore-app-67b5c6675c-j2lhc,2026-09-15 07:33:01+00:00,ios
784432,c2f3e75e-11d6-42c4-a230-090882971150,2026-09-15 07:53:50.800000+00:00,5007bdff-d45f-4e07-8c14-b5183f5b4b89,14.0.224.148,or.takeaway.pay,,,,"{'list': array([{'item': {'List': 0, 'Param': 'CityID', 'Value': '0'}},
       {'item': {'List': 0, 'Param': 'Lang', 'Value': 'hk'}},
       {'item': {'List': 0, 'Param': 'Ver', 'Value': '7.20.4'}},
       {'item': {'List': 0, 'Param': 'sr', 'Value': 'payment'}},
       {'item': {'List': 0, 'Param': 'poiId', 'Value': '892754'}}],
      dtype=object)}",CityID:0;Lang:hk;Ver:7.20.4;sr:payment;poiId:892754,Events,OpenRice_iOS/7.20.4 (iPhone; iOS 26.6.1);Lang:zh-HK,OpenRice,production-orga-openrice-netcore-app-67b5c6675c-j2lhc,2026-09-15 07:33:01+00:00,ios
784432,c2f3e75e-11d6-42c4-a230-090882971150,2026-09-15 08:03:21.400000+00:00,5007bdff-d45f-4e07-8c14-b5183f5b4b89,14.0.224.148,or.app.resume,,,,"{'list': array([{'item': {'List': 0, 'Param': 'CityID', 'Value': '0'}},
       {'item': {'List': 0, 'Param': 'Lang', 'Value': 'hk'}},
       {'item': {'List': 0, 'Param': 'Ver', 'Value': '7.20.4'}}],
      dtype=object)}",CityID:0;Lang:hk;Ver:7.20.4,Events,OpenRice_iOS/7.20.4 (iPhone; iOS 26.6.1);Lang:zh-HK,OpenRice,production-orga-openrice-netcore-app-67b5c6675c-j2lhc,2026-09-15 07:42:01+00:00,ios
10650,029c3705953a0a62,2026-09-15 07:52:47.600000+00:00,b7c42b9c-5bb8-46fe-aa09-08833b8dbdb5,14.0.152.64,or.app.start,,,,"{'list': array([{'item': {'List': 0, 'Param': 'CityID', 'Value': '0'}},
       {'item': {'List': 0, 'Param': 'Lang', 'Value': 'zh-HK'}},
       {'item': {'List': 0, 'Param': 'Ver', 'Value': '7.20.4'}},
       {'item': {'List': 0, 'Param': 'Device', 'Value': 'e3q'}},
       {'item': {'List': 0, 'Param': 'Lang', 'Value': 'zh_HK'}},
       {'item': {'List': 0, 'Param': 'Ver', 'Value': '7.20.4'}}],
      dtype=object)}",CityID:0; Lang:zh-HK; Ver:7.20.4; Device:e3q;Lang:zh_HK;Ver:7.20.4,Events,Openrice_Android/7.20.4 (Android; 36) [SM-S9280];Lang:zh-HK,OpenRice,production-orga-openrice-netcore-app-67b5c6675c-b4jfn,2026-09-15 07:32:01+00:00,android
10650,029c3705953a0a62,2026-09-15 07:52:47.800000+00:00,b7c42b9c-5bb8-46fe-aa09-08833b8dbdb5,14.0.152.64,or.app.start,,,,"{'list': array([{'item': {'List': 0, 'Param': 'CityID', 'Value': '0'}},
       {'item': {'List': 0, 'Param': 'Lang', 'Value': 'zh-HK'}},
       {'item': {'List': 0, 'Param': 'Ver', 'Value': '7.20.4'}},
       {'item': {'List': 0, 'Param': 'Device', 'Value': 'e3q'}},
       {'item': {'List': 0, 'Param': 'Lang', 'Value': 'zh_HK'}},
       {'item': {'List': 0, 'Param': 'Ver', 'Value': '7.20.4'}}],
      dtype=object)}",CityID:0; Lang:zh-HK; Ver:7.20.4; Device:e3q;Lang:zh_HK;Ver:7.20.4,Events,Openrice_Android/7.20.4 (Android; 36) [SM-S9280];Lang:zh-HK,OpenRice,production-orga-openrice-netcore-app-67b5c6675c-b4jfn,2026-09-15 07:32:01+00:00,android
10650,029c3705953a0a62,2026-09-15 07:52:50.900000+00:00,b7c42b9c-5bb8-46fe-aa09-08833b8dbdb5,14.0.152.64,or.app.start,,,,"{'list': array([{'item': {'List': 0, 'Param': 'CityID', 'Value': '0'}},
       {'item': {'List': 0, 'Param': 'Lang', 'Value': 'zh-HK'}},
       {'item': {'List': 0, 'Param': 'Ver', 'Value': '7.20.4'}},
       {'item': {'List': 0, 'Param': 'Device', 'Value': 'e3q'}},
       {'item': {'List': 0, 'Param': 'Lang', 'Value': 'zh_HK'}},
       {'item': {'List': 0, 'Param': 'Ver', 'Value': '7.20.4'}}],
      dtype=object)}",CityID:0; Lang:zh-HK; Ver:7.20.4; Device:e3q;Lang:zh_HK;Ver:7.20.4,Events,Openrice_Android/7.20.4 (Android; 36) [SM-S9280];Lang:zh-HK,OpenRice,production-orga-openrice-netcore-app-67b5c6675c-b4jfn,2026-09-15 07:32:01+00:00,android
10650,029c3705953a0a62,2026-09-15 07:52:51+00:00,b7c42b9c-5bb8-46fe-aa09-08833b8dbdb5,14.0.152.64,or.app.start,,,,"{'list': array([{'item': {'List': 0, 'Param': 'CityID', 'Value': '0'}},
       {'item': {'List': 0, 'Param': 'Lang', 'Value': 'zh-HK'}},
       {'item': {'List': 0, 'Param': 'Ver', 'Value': '7.20.4'}},
       {'item': {'List': 0, 'Param': 'Device', 'Value': 'e3q'}},
       {'item': {'List': 0, 'Param': 'Lang', 'Value': 'zh_HK'}},
       {'item': {'List': 0, 'Param': 'Ver', 'Value': '7.20.4'}}],
      dtype=object)}",CityID:0; Lang:zh-HK; Ver:7.20.4; Device:e3q;Lang:zh_HK;Ver:7.20.4,Events,Openrice_Android/7.20.4 (Android; 36) [SM-S9280];Lang:zh-HK,OpenRice,production-orga-openrice-netcore-app-67b5c6675c-b4jfn,2026-09-15 07:32:01+00:00,android
10650,029c3705953a0a62,2026-09-15 07:52:54.100000+00:00,b7c42b9c-5bb8-46fe-aa09-08833b8dbdb5,14.0.152.64,or.qcksearch,,,,"{'list': array([{'item': {'List': 0, 'Param': 'CityID', 'Value': '0'}},
       {'item': {'List': 0, 'Param': 'Lang', 'Value': 'zh_HK'}},
       {'item': {'List': 0, 'Param': 'Ver', 'Value': '7.20.4'}},
       {'item': {'List': 0, 'Param': 'sn', 'Value': 'hk.Home'}}],
      dtype=object)}",CityID:0;Lang:zh_HK;Ver:7.20.4; sn:hk.Home,Events,Openrice_Android/7.20.4 (Android; 36) [SM-S9280];Lang:zh-HK,OpenRice,production-orga-openrice-netcore-app-67b5c6675c-b4jfn,2026-09-15 07:32:01+00:00,android
10650,029c3705953a0a62,2026-09-15 07:52:56.400000+00:00,b7c42b9c-5bb8-46fe-aa09-08833b8dbdb5,14.0.152.64,user.review.write,,,,"{'list': array([{'item': {'List': 0, 'Param': 'POIID', 'Value': '689232'}},
       {'item': {'List': 0, 'Param': 'CityID', 'Value': '0'}},
       {'item': {'List': 0, 'Param': 'Sr', 'Value': ''}},
       {'item': {'List': 0, 'Param': 'Lang', 'Value': 'zh-HK'}},
       {'item': {'List': 0, 'Param': 'Ver', 'Value': '7.20.4'}},
       {'item': {'List': 0, 'Param': 'Lang', 'Value': 'zh_HK'}},
       {'item': {'List': 0, 'Param': 'Ver', 'Value': '7.20.4'}}],
      dtype=object)}",POIID:689232;CityID:0; Sr:; Lang:zh-HK; Ver:7.20.4;Lang:zh_HK;Ver:7.20.4,Events,Openrice_Android/7.20.4 (Android; 36) [SM-S9280];Lang:zh-HK,OpenRice,production-orga-openrice-netcore-app-67b5c6675c-b4jfn,2026-09-15 07:32:01+00:00,android
10650,029c3705953a0a62,2026-09-15 07:53:04.400000+00:00,b7c42b9c-5bb8-46fe-aa09-08833b8dbdb5,14.0.152.64,or.takeaway.order,,,,"{'list': array([{'item': {'List': 0, 'Param': 'POIID', 'Value': '689232'}},
       {'item': {'List': 0, 'Param': 'CityID', 'Value': '0'}},
       {'item': {'List': 0, 'Param': 'Sr', 'Value': 'sr1'}},
       {'item': {'List': 0, 'Param': 'Lang', 'Value': 'zh_HK'}},
       {'item': {'List': 0, 'Param': 'Ver', 'Value': '7.20.4'}}],
      dtype=object)}",POIID:689232; CityID:0; Sr:sr1;Lang:zh_HK;Ver:7.20.4,Events,Openrice_Android/7.20.4 (Android; 36) [SM-S9280];Lang:zh-HK,OpenRice,production-orga-openrice-netcore-app-67b5c6675c-9plj9,2026-09-15 07:32:01+00:00,android
10650,029c3705953a0a62,2026-09-15 07:53:04.500000+00:00,b7c42b9c-5bb8-46fe-aa09-08833b8dbdb5,14.0.152.64,or.poi.get-photos.food,,,,"{'list': array([{'item': {'List': 0, 'Param': 'POIID', 'Value': '689232'}},
       {'item': {'List': 0, 'Param': 'poiTypeId', 'Value': '1'}},
       {'item': {'List': 0, 'Param': 'CityID', 'Value': '0'}},
       {'item': {'List': 0, 'Param': 'Sr', 'Value': 'sr2'}},
       {'item': {'List': 0, 'Param': 'Page No.', 'Value': '1'}},
       {'item': {'List': 0, 'Param': 'PhotoTypeId', 'Value': '1'}},
       {'item': {'List': 0, 'Param': 'Lang', 'Value': 'zh_HK'}},
       {'item': {'List': 0, 'Param': 'Ver', 'Value': '7.20.4'}},
       {'item': {'List': 0, 'Param': 'sn', 'Value': 'HK.SR2.photo.food.689232'}}],
      dtype=object)}",POIID:689232; poiTypeId:1; CityID:0;Sr:sr2;Page No.:1;PhotoTypeId:1;Lang:zh_HK;Ver:7.20.4; sn:HK.SR2.photo.food.689232,Events,Openrice_Android/7.20.4 (Android; 36) [SM-S9280];Lang:zh-HK,OpenRice,production-orga-openrice-netcore-app-67b5c6675c-9plj9,2026-09-15 07:32:01+00:00,android
10650,029c3705953a0a62,2026-09-15 07:53:21.600000+00:00,b7c42b9c-5bb8-46fe-aa09-08833b8dbdb5,14.0.152.64,poi.emenu.get-item,,,,"{'list': array([{'item': {'List': 0, 'Param': 'CityID', 'Value': '0'}},
       {'item': {'List': 0, 'Param': 'itemID', 'Value': 'ORI-279'}},
       {'item': {'List': 0, 'Param': 'Lang', 'Value': 'zh_HK'}},
       {'item': {'List': 0, 'Param': 'Ver', 'Value': '7.20.4'}}],
      dtype=object)}",CityID:0;itemID:ORI-279;Lang:zh_HK;Ver:7.20.4,Events,Openrice_Android/7.20.4 (Android; 36) [SM-S9280];Lang:zh-HK,OpenRice,production-orga-openrice-netcore-app-67b5c6675c-j2lhc,2026-09-15 07:33:01+00:00,android
10650,029c3705953a0a62,2026-09-15 07:53:56.800000+00:00,b7c42b9c-5bb8-46fe-aa09-08833b8dbdb5,14.0.152.64,or.takeaway.checkout,,,,"{'list': array([{'item': {'List': 0, 'Param': 'CityID', 'Value': '0'}},
       {'item': {'List': 0, 'Param': 'POIID', 'Value': '689232'}},
       {'item': {'List': 0, 'Param': 'Sr', 'Value': 'menu'}},
       {'item': {'List': 0, 'Param': 'Lang', 'Value': 'zh_HK'}},
       {'item': {'List': 0, 'Param': 'Ver', 'Value': '7.20.4'}}],
      dtype=object)}",CityID:0; POIID:689232; Sr:menu;Lang:zh_HK;Ver:7.20.4,Events,Openrice_Android/7.20.4 (Android; 36) [SM-S9280];Lang:zh-HK,OpenRice,production-orga-openrice-netcore-app-67b5c6675c-b4jfn,2026-09-15 07:33:01+00:00,android
10650,029c3705953a0a62,2026-09-15 07:54:12+00:00,b7c42b9c-5bb8-46fe-aa09-08833b8dbdb5,14.0.152.64,or.takeaway.place-order,,,,"{'list': array([{'item': {'List': 0, 'Param': 'CityID', 'Value': '0'}},
       {'item': {'List': 0, 'Param': 'POIID', 'Value': '689232'}},
       {'item': {'List': 0, 'Param': 'Sr', 'Value': 'checkout'}},
       {'item': {'List': 0, 'Param': 'Lang', 'Value': 'zh_HK'}},
       {'item': {'List': 0, 'Param': 'Ver', 'Value': '7.20.4'}}],
      dtype=object)}",CityID:0; POIID:689232 ; Sr:checkout;;Lang:zh_HK;Ver:7.20.4,Events,Openrice_Android/7.20.4 (Android; 36) [SM-S9280];Lang:zh-HK,OpenRice,production-orga-openrice-netcore-app-67b5c6675c-9plj9,2026-09-15 07:33:01+00:00,android
10650,029c3705953a0a62,2026-09-15 07:54:20.700000+00:00,b7c42b9c-5bb8-46fe-aa09-08833b8dbdb5,14.0.152.64,or.takeaway.pay,,,,"{'list': array([{'item': {'List': 0, 'Param': 'CityId', 'Value': '0'}},
       {'item': {'List': 0, 'Param': 'POIID', 'Value': '689232'}},
       {'item': {'List': 0, 'Param': 'Sr', 'Value': 'payment'}},
       {'item': {'List': 0, 'Param': 'Lang', 'Value': 'zh_HK'}},
       {'item': {'List': 0, 'Param': 'Ver', 'Value': '7.20.4'}}],
      dtype=object)}",CityId:0; POIID:689232; Sr:payment;;Lang:zh_HK;Ver:7.20.4,Events,Openrice_Android/7.20.4 (Android; 36) [SM-S9280];Lang:zh-HK,OpenRice,production-orga-openrice-netcore-app-67b5c6675c-j2lhc,2026-09-15 07:34:01+00:00,android
10650,029c3705953a0a62,2026-09-15 07:54:38.100000+00:00,b7c42b9c-5bb8-46fe-aa09-08833b8dbdb5,14.0.152.64,or.app.resume,,,,"{'list': array([{'item': {'List': 0, 'Param': 'CityID', 'Value': '0'}},
       {'item': {'List': 0, 'Param': 'Lang', 'Value': 'zh-HK'}},
       {'item': {'List': 0, 'Param': 'Ver', 'Value': '7.20.4'}},
       {'item': {'List': 0, 'Param': 'Lang', 'Value': 'zh_HK'}},
       {'item': {'List': 0, 'Param': 'Ver', 'Value': '7.20.4'}}],
      dtype=object)}",CityID:0; Lang:zh-HK; Ver:7.20.4;Lang:zh_HK;Ver:7.20.4,Events,Openrice_Android/7.20.4 (Android; 36) [SM-S9280];Lang:zh-HK,OpenRice,production-orga-openrice-netcore-app-67b5c6675c-j2lhc,2026-09-15 07:34:01+00:00,android
275540,447732ed-a9da-4a73-8f5b-e8a6fd65ed1e,2026-09-15 07:45:10.500000+00:00,21426178-b58f-4927-9527-6a1cb5dc8678,182.239.122.251,or.app.resume,,,,"{'list': array([{'item': {'List': 0, 'Param': 'CityID', 'Value': '0'}},
       {'item': {'List': 0, 'Param': 'Lang', 'Value': 'hk'}},
       {'item': {'List': 0, 'Param': 'Ver', 'Value': '7.20.5'}}],
      dtype=object)}",CityID:0;Lang:hk;Ver:7.20.5,Events,OpenRice_iOS/7.20.5 (iPhone; iOS 18.5);Lang:zh-HK,OpenRice,production-orga-openrice-netcore-app-67b5c6675c-j2lhc,2026-09-15 07:25:01+00:00,ios
275540,447732ed-a9da-4a73-8f5b-e8a6fd65ed1e,2026-09-15 07:45:10.900000+00:00,21426178-b58f-4927-9527-6a1cb5dc8678,182.239.122.251,or.app.start,,,,"{'list': array([{'item': {'List': 0, 'Param': 'CityID', 'Value': '0'}},
       {'item': {'List': 0, 'Param': 'Lang', 'Value': 'hk'}},
       {'item': {'List': 0, 'Param': 'Ver', 'Value': '7.20.5'}},
       {'item': {'List': 0, 'Param': 'device', 'Value': 'iPhone16,2'}}],
      dtype=object)}","CityID:0;Lang:hk;Ver:7.20.5;device:iPhone16,2",Events,OpenRice_iOS/7.20.5 (iPhone; iOS 18.5);Lang:zh-HK,OpenRice,production-orga-openrice-netcore-app-67b5c6675c-j2lhc,2026-09-15 07:25:01+00:00,ios
275540,447732ed-a9da-4a73-8f5b-e8a6fd65ed1e,2026-09-15 07:45:12.300000+00:00,21426178-b58f-4927-9527-6a1cb5dc8678,182.239.122.251,or.qcksearch,,,,"{'list': array([{'item': {'List': 0, 'Param': 'CityID', 'Value': '0'}},
       {'item': {'List': 0, 'Param': 'sr', 'Value': 'Index'}},
       {'item': {'List': 0, 'Param': 'sn', 'Value': 'HK.Home'}}],
      dtype=object)}",CityID:0;sr:Index;sn:HK.Home,Events,OpenRice_iOS/7.20.5 (iPhone; iOS 18.5);Lang:zh-HK,OpenRice,production-orga-openrice-netcore-app-67b5c6675c-j2lhc,2026-09-15 07:25:01+00:00,ios
275540,447732ed-a9da-4a73-8f5b-e8a6fd65ed1e,2026-09-15 07:45:13.900000+00:00,21426178-b58f-4927-9527-6a1cb5dc8678,182.239.122.251,or.search.layer,,,,"{'list': array([{'item': {'List': 0, 'Param': 'CityID', 'Value': '0'}},
       {'item': {'List': 0, 'Param': 'Lang', 'Value': 'hk'}},
       {'item': {'List': 0, 'Param': 'Ver', 'Value': '7.20.5'}},
       {'item': {'List': 0, 'Param': 'sn', 'Value': 'HK.QckSearch'}}],
      dtype=object)}",CityID:0;Lang:hk;Ver:7.20.5;sn:HK.QckSearch,Events,OpenRice_iOS/7.20.5 (iPhone; iOS 18.5);Lang:zh-HK,OpenRice,production-orga-openrice-netcore-app-67b5c6675c-j2lhc,2026-09-15 07:25:01+00:00,ios
275540,447732ed-a9da-4a73-8f5b-e8a6fd65ed1e,2026-09-15 07:45:20.500000+00:00,21426178-b58f-4927-9527-6a1cb5dc8678,182.239.122.251,or.search.layer.tips,,,,"{'list': array([{'item': {'List': 0, 'Param': 'CityID', 'Value': '0'}},
       {'item': {'List': 0, 'Param': 'Lang', 'Value': 'hk'}},
       {'item': {'List': 0, 'Param': 'Ver', 'Value': '7.20.5'}},
       {'item': {'List': 0, 'Param': 'sn', 'Value': 'HK.search.layer'}},
       {'item': {'List': 0, 'Param': 'poiId', 'Value': '709823'}}],
      dtype=object)}",CityID:0;Lang:hk;Ver:7.20.5;sn:HK.search.layer;poiId:709823,Events,OpenRice_iOS/7.20.5 (iPhone; iOS 18.5);Lang:zh-HK,OpenRice,production-orga-openrice-netcore-app-67b5c6675c-j2lhc,2026-09-15 07:25:01+00:00,ios
275540,447732ed-a9da-4a73-8f5b-e8a6fd65ed1e,2026-09-15 07:45:20.600000+00:00,21426178-b58f-4927-9527-6a1cb5dc8678,182.239.122.251,or.poi.get-details,,,,"{'list': array([{'item': {'List': 0, 'Param': 'CityID', 'Value': '0'}},
       {'item': {'List': 0, 'Param': 'Lang', 'Value': 'hk'}},
       {'item': {'List': 0, 'Param': 'Ver', 'Value': '7.20.5'}},
       {'item': {'List': 0, 'Param': 'POIID', 'Value': '709823'}},
       {'item': {'List': 0, 'Param': 'sr', 'Value': 'search_key_in'}},
       {'item': {'List': 0, 'Param': 'sn', 'Value': 'HK.search.layer'}}],
      dtype=object)}",CityID:0;Lang:hk;Ver:7.20.5;POIID:709823;sr:search_key_in;sn:HK.search.layer,Events,OpenRice_iOS/7.20.5 (iPhone; iOS 18.5);Lang:zh-HK,OpenRice,production-orga-openrice-netcore-app-67b5c6675c-j2lhc,2026-09-15 07:25:01+00:00,ios
275540,447732ed-a9da-4a73-8f5b-e8a6fd65ed1e,2026-09-15 07:45:20.600000+00:00,21426178-b58f-4927-9527-6a1cb5dc8678,182.239.122.251,or.poi.get-overview,,,,"{'list': array([{'item': {'List': 0, 'Param': 'CityID', 'Value': '0'}},
       {'item': {'List': 0, 'Param': 'Lang', 'Value': 'hk'}},
       {'item': {'List': 0, 'Param': 'Ver', 'Value': '7.20.5'}},
       {'item': {'List': 0, 'Param': 'POIID', 'Value': '709823'}},
       {'item': {'List': 0, 'Param': 'sn', 'Value': 'HK.search.layer'}}],
      dtype=object)}",CityID:0;Lang:hk;Ver:7.20.5;POIID:709823;sn:HK.search.layer,Events,OpenRice_iOS/7.20.5 (iPhone; iOS 18.5);Lang:zh-HK,OpenRice,production-orga-openrice-netcore-app-67b5c6675c-j2lhc,2026-09-15 07:25:01+00:00,ios
275540,447732ed-a9da-4a73-8f5b-e8a6fd65ed1e,2026-09-15 07:46:01.100000+00:00,21426178-b58f-4927-9527-6a1cb5dc8678,182.239.122.251,or.app.resume,,,,"{'list': array([{'item': {'List': 0, 'Param': 'CityID', 'Value': '0'}},
       {'item': {'List': 0, 'Param': 'Lang', 'Value': 'hk'}},
       {'item': {'List': 0, 'Param': 'Ver', 'Value': '7.20.5'}}],
      dtype=object)}",CityID:0;Lang:hk;Ver:7.20.5,Events,OpenRice_iOS/7.20.5 (iPhone; iOS 18.5);Lang:zh-HK,OpenRice,production-orga-openrice-netcore-app-67b5c6675c-j2lhc,2026-09-15 07:25:01+00:00,ios
275540,447732ed-a9da-4a73-8f5b-e8a6fd65ed1e,2026-09-15 07:46:06.300000+00:00,21426178-b58f-4927-9527-6a1cb5dc8678,182.239.122.251,impression.poi,,,,"{'list': array([{'item': {'List': 0, 'Param': 'CityID', 'Value': '0'}},
       {'item': {'List': 0, 'Param': 'Lang', 'Value': 'hk'}},
       {'item': {'List': 0, 'Param': 'Ver', 'Value': '7.20.5'}},
       {'item': {'List': 0, 'Param': 'POIID', 'Value': '22970'}},
       {'item': {'List': 0, 'Param': 'Type', 'Value': 'General'}},
       {'item': {'List': 0, 'Param': 'sr', 'Value': '6'}},
       {'item': {'List': 0, 'Param': 'poiTypeId', 'Value': '1'}},
       {'item': {'List': 0, 'Param': 'sn', 'Value': 'HK.SR2.Overview.709823'}}],
      dtype=object)}",CityID:0;Lang:hk;Ver:7.20.5;POIID:22970;Type:General;sr:6;poiTypeId:1;sn:HK.SR2.Overview.709823,Events,OpenRice_iOS/7.20.5 (iPhone; iOS 18.5);Lang:zh-HK,OpenRice,production-orga-openrice-netcore-app-67b5c6675c-j2lhc,2026-09-15 07:25:01+00:00,ios
275540,447732ed-a9da-4a73-8f5b-e8a6fd65ed1e,2026-09-15 07:46:06.300000+00:00,21426178-b58f-4927-9527-6a1cb5dc8678,182.239.122.251,impression.poi,,,,"{'list': array([{'item': {'List': 0, 'Param': 'CityID', 'Value': '0'}},
       {'item': {'List': 0, 'Param': 'Lang', 'Value': 'hk'}},
       {'item': {'List': 0, 'Param': 'Ver', 'Value': '7.20.5'}},
       {'item': {'List': 0, 'Param': 'POIID', 'Value': '708564'}},
       {'item': {'List': 0, 'Param': 'Type', 'Value': 'General'}},
       {'item': {'List': 0, 'Param': 'sr', 'Value': '6'}},
       {'item': {'List': 0, 'Param': 'poiTypeId', 'Value': '1'}},
       {'item': {'List': 0, 'Param': 'sn', 'Value': 'HK.SR2.Overview.709823'}}],
      dtype=object)}",CityID:0;Lang:hk;Ver:7.20.5;POIID:708564;Type:General;sr:6;poiTypeId:1;sn:HK.SR2.Overview.709823,Events,OpenRice_iOS/7.20.5 (iPhone; iOS 18.5);Lang:zh-HK,OpenRice,production-orga-openrice-netcore-app-67b5c6675c-j2lhc,2026-09-15 07:25:01+00:00,ios
275540,447732ed-a9da-4a73-8f5b-e8a6fd65ed1e,2026-09-15 07:46:06.300000+00:00,21426178-b58f-4927-9527-6a1cb5dc8678,182.239.122.251,impression.poi,,,,"{'list': array([{'item': {'List': 0, 'Param': 'CityID', 'Value': '0'}},
       {'item': {'List': 0, 'Param': 'Lang', 'Value': 'hk'}},
       {'item': {'List': 0, 'Param': 'Ver', 'Value': '7.20.5'}},
       {'item': {'List': 0, 'Param': 'POIID', 'Value': '735724'}},
       {'item': {'List': 0, 'Param': 'Type', 'Value': 'General'}},
       {'item': {'List': 0, 'Param': 'sr', 'Value': '6'}},
       {'item': {'List': 0, 'Param': 'poiTypeId', 'Value': '1'}},
       {'item': {'List': 0, 'Param': 'sn', 'Value': 'HK.SR2.Overview.709823'}}],
      dtype=object)}",CityID:0;Lang:hk;Ver:7.20.5;POIID:735724;Type:General;sr:6;poiTypeId:1;sn:HK.SR2.Overview.709823,Events,OpenRice_iOS/7.20.5 (iPhone; iOS 18.5);Lang:zh-HK,OpenRice,production-orga-openrice-netcore-app-67b5c6675c-j2lhc,2026-09-15 07:25:01+00:00,ios
275540,447732ed-a9da-4a73-8f5b-e8a6fd65ed1e,2026-09-15 07:46:10.400000+00:00,21426178-b58f-4927-9527-6a1cb5dc8678,182.239.122.251,impression.poi,,,,"{'list': array([{'item': {'List': 0, 'Param': 'CityID', 'Value': '0'}},
       {'item': {'List': 0, 'Param': 'Lang', 'Value': 'hk'}},
       {'item': {'List': 0, 'Param': 'Ver', 'Value': '7.20.5'}},
       {'item': {'List': 0, 'Param': 'POIID', 'Value': '658447'}},
       {'item': {'List': 0, 'Param': 'Type', 'Value': 'General'}},
       {'item': {'List': 0, 'Param': 'sr', 'Value': '6'}},
       {'item': {'List': 0, 'Param': 'poiTypeId', 'Value': '1'}},
       {'item': {'List': 0, 'Param': 'sn', 'Value': 'HK.SR2.Overview.709823'}}],
      dtype=object)}",CityID:0;Lang:hk;Ver:7.20.5;POIID:658447;Type:General;sr:6;poiTypeId:1;sn:HK.SR2.Overview.709823,Events,OpenRice_iOS/7.20.5 (iPhone; iOS 18.5);Lang:zh-HK,OpenRice,production-orga-openrice-netcore-app-67b5c6675c-j2lhc,2026-09-15 07:25:01+00:00,ios
275540,447732ed-a9da-4a73-8f5b-e8a6fd65ed1e,2026-09-15 07:46:10.400000+00:00,21426178-b58f-4927-9527-6a1cb5dc8678,182.239.122.251,impression.poi,,,,"{'list': array([{'item': {'List': 0, 'Param': 'CityID', 'Value': '0'}},
       {'item': {'List': 0, 'Param': 'Lang', 'Value': 'hk'}},
       {'item': {'List': 0, 'Param': 'Ver', 'Value': '7.20.5'}},
       {'item': {'List': 0, 'Param': 'POIID', 'Value': '859856'}},
       {'item': {'List': 0, 'Param': 'Type', 'Value': 'General'}},
       {'item': {'List': 0, 'Param': 'sr', 'Value': '6'}},
       {'item': {'List': 0, 'Param': 'poiTypeId', 'Value': '1'}},
       {'item': {'List': 0, 'Param': 'sn', 'Value': 'HK.SR2.Overview.709823'}}],
      dtype=object)}",CityID:0;Lang:hk;Ver:7.20.5;POIID:859856;Type:General;sr:6;poiTypeId:1;sn:HK.SR2.Overview.709823,Events,OpenRice_iOS/7.20.5 (iPhone; iOS 18.5);Lang:zh-HK,OpenRice,production-orga-openrice-netcore-app-67b5c6675c-j2lhc,2026-09-15 07:25:01+00:00,ios
275540,447732ed-a9da-4a73-8f5b-e8a6fd65ed1e,2026-09-15 07:46:10.400000+00:00,21426178-b58f-4927-9527-6a1cb5dc8678,182.239.122.251,impression.poi,,,,"{'list': array([{'item': {'List': 0, 'Param': 'CityID', 'Value': '0'}},
       {'item': {'List': 0, 'Param': 'Lang', 'Value': 'hk'}},
       {'item': {'List': 0, 'Param': 'Ver', 'Value': '7.20.5'}},
       {'item': {'List': 0, 'Param': 'POIID', 'Value': '10100'}},
       {'item': {'List': 0, 'Param': 'Type', 'Value': 'General'}},
       {'item': {'List': 0, 'Param': 'sr', 'Value': '6'}},
       {'item': {'List': 0, 'Param': 'poiTypeId', 'Value': '1'}},
       {'item': {'List': 0, 'Param': 'sn', 'Value': 'HK.SR2.Overview.709823'}}],
      dtype=object)}",CityID:0;Lang:hk;Ver:7.20.5;POIID:10100;Type:General;sr:6;poiTypeId:1;sn:HK.SR2.Overview.709823,Events,OpenRice_iOS/7.20.5 (iPhone; iOS 18.5);Lang:zh-HK,OpenRice,production-orga-openrice-netcore-app-67b5c6675c-j2lhc,2026-09-15 07:25:01+00:00,ios
275540,447732ed-a9da-4a73-8f5b-e8a6fd65ed1e,2026-09-15 07:46:12.700000+00:00,21426178-b58f-4927-9527-6a1cb5dc8678,182.239.122.251,impression.poi,,,,"{'list': array([{'item': {'List': 0, 'Param': 'CityID', 'Value': '0'}},
       {'item': {'List': 0, 'Param': 'Lang', 'Value': 'hk'}},
       {'item': {'List': 0, 'Param': 'Ver', 'Value': '7.20.5'}},
       {'item': {'List': 0, 'Param': 'POIID', 'Value': '8943'}},
       {'item': {'List': 0, 'Param': 'Type', 'Value': 'General'}},
       {'item': {'List': 0, 'Param': 'sr', 'Value': '6'}},
       {'item': {'List': 0, 'Param': 'poiTypeId', 'Value': '1'}},
       {'item': {'List': 0, 'Param': 'sn', 'Value': 'HK.SR2.Overview.709823'}}],
      dtype=object)}",CityID:0;Lang:hk;Ver:7.20.5;POIID:8943;Type:General;sr:6;poiTypeId:1;sn:HK.SR2.Overview.709823,Events,OpenRice_iOS/7.20.5 (iPhone; iOS 18.5);Lang:zh-HK,OpenRice,production-orga-openrice-netcore-app-67b5c6675c-j2lhc,2026-09-15 07:25:01+00:00,ios
275540,447732ed-a9da-4a73-8f5b-e8a6fd65ed1e,2026-09-15 07:46:12.900000+00:00,21426178-b58f-4927-9527-6a1cb5dc8678,182.239.122.251,impression.poi,,,,"{'list': array([{'item': {'List': 0, 'Param': 'CityID', 'Value': '0'}},
       {'item': {'List': 0, 'Param': 'Lang', 'Value': 'hk'}},
       {'item': {'List': 0, 'Param': 'Ver', 'Value': '7.20.5'}},
       {'item': {'List': 0, 'Param': 'POIID', 'Value': '761718'}},
       {'item': {'List': 0, 'Param': 'Type', 'Value': 'General'}},
       {'item': {'List': 0, 'Param': 'sr', 'Value': '6'}},
       {'item': {'List': 0, 'Param': 'poiTypeId', 'Value': '1'}},
       {'item': {'List': 0, 'Param': 'sn', 'Value': 'HK.SR2.Overview.709823'}}],
      dtype=object)}",CityID:0;Lang:hk;Ver:7.20.5;POIID:761718;Type:General;sr:6;poiTypeId:1;sn:HK.SR2.Overview.709823,Events,OpenRice_iOS/7.20.5 (iPhone; iOS 18.5);Lang:zh-HK,OpenRice,production-orga-openrice-netcore-app-67b5c6675c-j2lhc,2026-09-15 07:25:01+00:00,ios
275540,447732ed-a9da-4a73-8f5b-e8a6fd65ed1e,2026-09-15 07:46:13.200000+00:00,21426178-b58f-4927-9527-6a1cb5dc8678,182.239.122.251,impression.poi,,,,"{'list': array([{'item': {'List': 0, 'Param': 'CityID', 'Value': '0'}},
       {'item': {'List': 0, 'Param': 'Lang', 'Value': 'hk'}},
       {'item': {'List': 0, 'Param': 'Ver', 'Value': '7.20.5'}},
       {'item': {'List': 0, 'Param': 'POIID', 'Value': '808262'}},
       {'item': {'List': 0, 'Param': 'Type', 'Value': 'General'}},
       {'item': {'List': 0, 'Param': 'sr', 'Value': '6'}},
       {'item': {'List': 0, 'Param': 'poiTypeId', 'Value': '1'}},
       {'item': {'List': 0, 'Param': 'sn', 'Value': 'HK.SR2.Overview.709823'}}],
      dtype=object)}",CityID:0;Lang:hk;Ver:7.20.5;POIID:808262;Type:General;sr:6;poiTypeId:1;sn:HK.SR2.Overview.709823,Events,OpenRice_iOS/7.20.5 (iPhone; iOS 18.5);Lang:zh-HK,OpenRice,production-orga-openrice-netcore-app-67b5c6675c-j2lhc,2026-09-15 07:25:01+00:00,ios
275540,447732ed-a9da-4a73-8f5b-e8a6fd65ed1e,2026-09-15 07:46:13.900000+00:00,21426178-b58f-4927-9527-6a1cb5dc8678,182.239.122.251,impression.poi,,,,"{'list': array([{'item': {'List': 0, 'Param': 'CityID', 'Value': '0'}},
       {'item': {'List': 0, 'Param': 'Lang', 'Value': 'hk'}},
       {'item': {'List': 0, 'Param': 'Ver', 'Value': '7.20.5'}},
       {'item': {'List': 0, 'Param': 'POIID', 'Value': '888593'}},
       {'item': {'List': 0, 'Param': 'Type', 'Value': 'General'}},
       {'item': {'List': 0, 'Param': 'sr', 'Value': '6'}},
       {'item': {'List': 0, 'Param': 'poiTypeId', 'Value': '1'}},
       {'item': {'List': 0, 'Param': 'sn', 'Value': 'HK.SR2.Overview.709823'}}],
      dtype=object)}",CityID:0;Lang:hk;Ver:7.20.5;POIID:888593;Type:General;sr:6;poiTypeId:1;sn:HK.SR2.Overview.709823,Events,OpenRice_iOS/7.20.5 (iPhone; iOS 18.5);Lang:zh-HK,OpenRice,production-orga-openrice-netcore-app-67b5c6675c-j2lhc,2026-09-15 07:25:01+00:00,ios
275540,447732ed-a9da-4a73-8f5b-e8a6fd65ed1e,2026-09-15 07:46:20.200000+00:00,21426178-b58f-4927-9527-6a1cb5dc8678,182.239.122.251,or.takeaway.order,,,,"{'list': array([{'item': {'List': 0, 'Param': 'CityID', 'Value': '0'}},
       {'item': {'List': 0, 'Param': 'Lang', 'Value': 'hk'}},
       {'item': {'List': 0, 'Param': 'Ver', 'Value': '7.20.5'}},
       {'item': {'List': 0, 'Param': 'POIID', 'Value': '709823'}},
       {'item': {'List': 0, 'Param': 'sr', 'Value': 'sr2Tab'}},
       {'item': {'List': 0, 'Param': 'sn', 'Value': 'HK.Takeaway.order.709823'}}],
      dtype=object)}",CityID:0;Lang:hk;Ver:7.20.5;POIID:709823;sr:sr2Tab;sn:HK.Takeaway.order.709823,Events,OpenRice_iOS/7.20.5 (iPhone; iOS 18.5);Lang:zh-HK,OpenRice,production-orga-openrice-netcore-app-67b5c6675c-j2lhc,2026-09-15 07:26:01+00:00,ios
275540,447732ed-a9da-4a73-8f5b-e8a6fd65ed1e,2026-09-15 07:46:36.800000+00:00,21426178-b58f-4927-9527-6a1cb5dc8678,182.239.122.251,or.poi.photo.detail,,,,"{'list': array([{'item': {'List': 0, 'Param': '(null)', 'Value': ''}},
       {'item': {'List': 0, 'Param': 'sn', 'Value': 'HK.Takeaway.order.709823'}}],
      dtype=object)}",(null);sn:HK.Takeaway.order.709823,Events,OpenRice_iOS/7.20.5 (iPhone; iOS 18.5);Lang:zh-HK,OpenRice,production-orga-openrice-netcore-app-67b5c6675c-9plj9,2026-09-15 07:26:01+00:00,ios
275540,447732ed-a9da-4a73-8f5b-e8a6fd65ed1e,2026-09-15 07:47:27.500000+00:00,21426178-b58f-4927-9527-6a1cb5dc8678,180.188.174.57,user.share.poi,,,,"{'list': array([{'item': {'List': 0, 'Param': 'CityID', 'Value': '0'}},
       {'item': {'List': 0, 'Param': 'Lang', 'Value': 'hk'}},
       {'item': {'List': 0, 'Param': 'Ver', 'Value': '7.20.5'}},
       {'item': {'List': 0, 'Param': 'POIID', 'Value': '709823'}},
       {'item': {'List': 0, 'Param': 'poiTypeId', 'Value': '1'}},
       {'item': {'List': 0, 'Param': 'Share', 'Value': 'Whatsapp'}},
       {'item': {'List': 0, 'Param': 'sr', 'Value': 'sr2sharepop'}},
       {'item': {'List': 0, 'Param': 'sn', 'Value': 'HK.SR2.Overview.709823'}}],
      dtype=object)}",CityID:0;Lang:hk;Ver:7.20.5;POIID:709823;poiTypeId:1;Share:Whatsapp;sr:sr2sharepop;sn:HK.SR2.Overview.709823,Events,OpenRice_iOS/7.20.5 (iPhone; iOS 18.5);Lang:zh-HK,OpenRice,production-orga-openrice-netcore-app-67b5c6675c-b4jfn,2026-09-15 07:31:01+00:00,ios
275540,447732ed-a9da-4a73-8f5b-e8a6fd65ed1e,2026-09-15 07:52:07.100000+00:00,21426178-b58f-4927-9527-6a1cb5dc8678,180.188.174.57,or.app.resume,,,,"{'list': array([{'item': {'List': 0, 'Param': 'CityID', 'Value': '0'}},
       {'item': {'List': 0, 'Param': 'Lang', 'Value': 'hk'}},
       {'item': {'List': 0, 'Param': 'Ver', 'Value': '7.20.5'}}],
      dtype=object)}",CityID:0;Lang:hk;Ver:7.20.5,Events,OpenRice_iOS/7.20.5 (iPhone; iOS 18.5);Lang:zh-HK,OpenRice,production-orga-openrice-netcore-app-67b5c6675c-b4jfn,2026-09-15 07:31:01+00:00,ios
275540,447732ed-a9da-4a73-8f5b-e8a6fd65ed1e,2026-09-15 07:52:09.600000+00:00,21426178-b58f-4927-9527-6a1cb5dc8678,180.188.174.57,or.takeaway.order,,,,"{'list': array([{'item': {'List': 0, 'Param': 'CityID', 'Value': '0'}},
       {'item': {'List': 0, 'Param': 'Lang', 'Value': 'hk'}},
       {'item': {'List': 0, 'Param': 'Ver', 'Value': '7.20.5'}},
       {'item': {'List': 0, 'Param': 'POIID', 'Value': '709823'}},
       {'item': {'List': 0, 'Param': 'sr', 'Value': 'menu'}},
       {'item': {'List': 0, 'Param': 'sn', 'Value': 'HK.Takeaway.order.709823'}}],
      dtype=object)}",CityID:0;Lang:hk;Ver:7.20.5;POIID:709823;sr:menu;sn:HK.Takeaway.order.709823,Events,OpenRice_iOS/7.20.5 (iPhone; iOS 18.5);Lang:zh-HK,OpenRice,production-orga-openrice-netcore-app-67b5c6675c-b4jfn,2026-09-15 07:31:01+00:00,ios
275540,447732ed-a9da-4a73-8f5b-e8a6fd65ed1e,2026-09-15 07:52:52+00:00,21426178-b58f-4927-9527-6a1cb5dc8678,180.188.174.57,or.takeaway.checkout,,,,"{'list': array([{'item': {'List': 0, 'Param': 'CityID', 'Value': '0'}},
       {'item': {'List': 0, 'Param': 'Lang', 'Value': 'hk'}},
       {'item': {'List': 0, 'Param': 'Ver', 'Value': '7.20.5'}},
       {'item': {'List': 0, 'Param': 'sr', 'Value': 'menu'}},
       {'item': {'List': 0, 'Param': 'POIID', 'Value': '709823'}},
       {'item': {'List': 0, 'Param': 'sn', 'Value': 'HK.Takeaway.order.709823'}}],
      dtype=object)}",CityID:0;Lang:hk;Ver:7.20.5;sr:menu;POIID:709823;sn:HK.Takeaway.order.709823,Events,OpenRice_iOS/7.20.5 (iPhone; iOS 18.5);Lang:zh-HK,OpenRice,production-orga-openrice-netcore-app-67b5c6675c-9plj9,2026-09-15 07:32:01+00:00,ios
275540,447732ed-a9da-4a73-8f5b-e8a6fd65ed1e,2026-09-15 07:53:51.400000+00:00,21426178-b58f-4927-9527-6a1cb5dc8678,180.188.174.57,or.takeaway.place-order,,,,"{'list': array([{'item': {'List': 0, 'Param': 'CityID', 'Value': '0'}},
       {'item': {'List': 0, 'Param': 'Lang', 'Value': 'hk'}},
       {'item': {'List': 0, 'Param': 'Ver', 'Value': '7.20.5'}},
       {'item': {'List': 0, 'Param': 'sr', 'Value': 'checkout'}},
       {'item': {'List': 0, 'Param': 'POIID', 'Value': '709823'}},
       {'item': {'List': 0, 'Param': 'PromoCode', 'Value': 'None'}},
       {'item': {'List': 0, 'Param': 'sn', 'Value': 'HK.Takeaway.checkout.709823'}}],
      dtype=object)}",CityID:0;Lang:hk;Ver:7.20.5;sr:checkout;POIID:709823;PromoCode:None;sn:HK.Takeaway.checkout.709823,Events,OpenRice_iOS/7.20.5 (iPhone; iOS 18.5);Lang:zh-HK,OpenRice,production-orga-openrice-netcore-app-67b5c6675c-b4jfn,2026-09-15 07:34:01+00:00,ios
275540,447732ed-a9da-4a73-8f5b-e8a6fd65ed1e,2026-09-15 07:54:00.400000+00:00,21426178-b58f-4927-9527-6a1cb5dc8678,180.188.174.57,or.app.resume,,,,"{'list': array([{'item': {'List': 0, 'Param': 'CityID', 'Value': '0'}},
       {'item': {'List': 0, 'Param': 'Lang', 'Value': 'hk'}},
       {'item': {'List': 0, 'Param': 'Ver', 'Value': '7.20.5'}}],
      dtype=object)}",CityID:0;Lang:hk;Ver:7.20.5,Events,OpenRice_iOS/7.20.5 (iPhone; iOS 18.5);Lang:zh-HK,OpenRice,production-orga-openrice-netcore-app-67b5c6675c-b4jfn,2026-09-15 07:34:01+00:00,ios
275540,447732ed-a9da-4a73-8f5b-e8a6fd65ed1e,2026-09-15 07:54:01.800000+00:00,21426178-b58f-4927-9527-6a1cb5dc8678,180.188.174.57,or.app.resume,,,,"{'list': array([{'item': {'List': 0, 'Param': 'CityID', 'Value': '0'}},
       {'item': {'List': 0, 'Param': 'Lang', 'Value': 'hk'}},
       {'item': {'List': 0, 'Param': 'Ver', 'Value': '7.20.5'}}],
      dtype=object)}",CityID:0;Lang:hk;Ver:7.20.5,Events,OpenRice_iOS/7.20.5 (iPhone; iOS 18.5);Lang:zh-HK,OpenRice,production-orga-openrice-netcore-app-67b5c6675c-b4jfn,2026-09-15 07:34:01+00:00,ios
275540,447732ed-a9da-4a73-8f5b-e8a6fd65ed1e,2026-09-15 07:54:05.300000+00:00,21426178-b58f-4927-9527-6a1cb5dc8678,180.188.174.57,or.app.resume,,,,"{'list': array([{'item': {'List': 0, 'Param': 'CityID', 'Value': '0'}},
       {'item': {'List': 0, 'Param': 'Lang', 'Value': 'hk'}},
       {'item': {'List': 0, 'Param': 'Ver', 'Value': '7.20.5'}}],
      dtype=object)}",CityID:0;Lang:hk;Ver:7.20.5,Events,OpenRice_iOS/7.20.5 (iPhone; iOS 18.5);Lang:zh-HK,OpenRice,production-orga-openrice-netcore-app-67b5c6675c-b4jfn,2026-09-15 07:34:01+00:00,ios
275540,447732ed-a9da-4a73-8f5b-e8a6fd65ed1e,2026-09-15 07:54:11.500000+00:00,21426178-b58f-4927-9527-6a1cb5dc8678,180.188.174.57,or.app.resume,,,,"{'list': array([{'item': {'List': 0, 'Param': 'CityID', 'Value': '0'}},
       {'item': {'List': 0, 'Param': 'Lang', 'Value': 'hk'}},
       {'item': {'List': 0, 'Param': 'Ver', 'Value': '7.20.5'}}],
      dtype=object)}",CityID:0;Lang:hk;Ver:7.20.5,Events,OpenRice_iOS/7.20.5 (iPhone; iOS 18.5);Lang:zh-HK,OpenRice,production-orga-openrice-netcore-app-67b5c6675c-b4jfn,2026-09-15 07:34:01+00:00,ios
275540,447732ed-a9da-4a73-8f5b-e8a6fd65ed1e,2026-09-15 07:54:28+00:00,21426178-b58f-4927-9527-6a1cb5dc8678,180.188.174.57,or.takeaway.pay,,,,"{'list': array([{'item': {'List': 0, 'Param': 'CityID', 'Value': '0'}},
       {'item': {'List': 0, 'Param': 'Lang', 'Value': 'hk'}},
       {'item': {'List': 0, 'Param': 'Ver', 'Value': '7.20.5'}},
       {'item': {'List': 0, 'Param': 'sr', 'Value': 'payment'}},
       {'item': {'List': 0, 'Param': 'poiId', 'Value': '709823'}}],
      dtype=object)}",CityID:0;Lang:hk;Ver:7.20.5;sr:payment;poiId:709823,Events,OpenRice_iOS/7.20.5 (iPhone; iOS 18.5);Lang:zh-HK,OpenRice,production-orga-openrice-netcore-app-67b5c6675c-j2lhc,2026-09-15 07:34:01+00:00,ios
275540,447732ed-a9da-4a73-8f5b-e8a6fd65ed1e,2026-09-15 07:55:46.600000+00:00,21426178-b58f-4927-9527-6a1cb5dc8678,180.188.174.57,or.app.resume,,,,"{'list': array([{'item': {'List': 0, 'Param': 'CityID', 'Value': '0'}},
       {'item': {'List': 0, 'Param': 'Lang', 'Value': 'hk'}},
       {'item': {'List': 0, 'Param': 'Ver', 'Value': '7.20.5'}}],
      dtype=object)}",CityID:0;Lang:hk;Ver:7.20.5,Events,OpenRice_iOS/7.20.5 (iPhone; iOS 18.5);Lang:zh-HK,OpenRice,production-orga-openrice-netcore-app-67b5c6675c-j2lhc,2026-09-15 07:35:01+00:00,ios
275540,447732ed-a9da-4a73-8f5b-e8a6fd65ed1e,2026-09-15 07:56:11.600000+00:00,21426178-b58f-4927-9527-6a1cb5dc8678,180.188.174.57,or.app.resume,,,,"{'list': array([{'item': {'List': 0, 'Param': 'CityID', 'Value': '0'}},
       {'item': {'List': 0, 'Param': 'Lang', 'Value': 'hk'}},
       {'item': {'List': 0, 'Param': 'Ver', 'Value': '7.20.5'}}],
      dtype=object)}",CityID:0;Lang:hk;Ver:7.20.5,Events,OpenRice_iOS/7.20.5 (iPhone; iOS 18.5);Lang:zh-HK,OpenRice,production-orga-openrice-netcore-app-67b5c6675c-j2lhc,2026-09-15 07:35:01+00:00,ios
275540,447732ed-a9da-4a73-8f5b-e8a6fd65ed1e,2026-09-15 07:56:49.700000+00:00,21426178-b58f-4927-9527-6a1cb5dc8678,180.188.174.57,or.app.resume,,,,"{'list': array([{'item': {'List': 0, 'Param': 'CityID', 'Value': '0'}},
       {'item': {'List': 0, 'Param': 'Lang', 'Value': 'hk'}},
       {'item': {'List': 0, 'Param': 'Ver', 'Value': '7.20.5'}}],
      dtype=object)}",CityID:0;Lang:hk;Ver:7.20.5,Events,OpenRice_iOS/7.20.5 (iPhone; iOS 18.5);Lang:zh-HK,OpenRice,production-orga-openrice-netcore-app-67b5c6675c-j2lhc,2026-09-15 07:36:01+00:00,ios
275540,447732ed-a9da-4a73-8f5b-e8a6fd65ed1e,2026-09-15 07:57:45.100000+00:00,21426178-b58f-4927-9527-6a1cb5dc8678,180.188.174.57,or.app.resume,,,,"{'list': array([{'item': {'List': 0, 'Param': 'CityID', 'Value': '0'}},
       {'item': {'List': 0, 'Param': 'Lang', 'Value': 'hk'}},
       {'item': {'List': 0, 'Param': 'Ver', 'Value': '7.20.5'}}],
      dtype=object)}",CityID:0;Lang:hk;Ver:7.20.5,Events,OpenRice_iOS/7.20.5 (iPhone; iOS 18.5);Lang:zh-HK,OpenRice,production-orga-openrice-netcore-app-67b5c6675c-9plj9,2026-09-15 07:37:01+00:00,ios
241938,3c09a1ff-e829-4900-a029-8fb5d8bcc6bf,2026-09-15 07:34:58.900000+00:00,1181ab40-95fb-40d1-92d0-73913cd60b28,219.78.77.30,or.app.start,,,,"{'list': array([{'item': {'List': 0, 'Param': 'CityID', 'Value': '0'}},
       {'item': {'List': 0, 'Param': 'Lang', 'Value': 'hk'}},
       {'item': {'List': 0, 'Param': 'Ver', 'Value': '7.20.5'}},
       {'item': {'List': 0, 'Param': 'device', 'Value': 'iPhone 14 Pro Max'}}],
      dtype=object)}",CityID:0;Lang:hk;Ver:7.20.5;device:iPhone 14 Pro Max,Events,OpenRice_iOS/7.20.5 (iPhone; iOS 26.6.2);Lang:zh-HK,OpenRice,production-orga-openrice-netcore-app-67b5c6675c-j2lhc,2026-09-15 07:14:01+00:00,ios
241938,3c09a1ff-e829-4900-a029-8fb5d8bcc6bf,2026-09-15 07:35:02+00:00,1181ab40-95fb-40d1-92d0-73913cd60b28,219.78.77.30,or.qcksearch,,,,"{'list': array([{'item': {'List': 0, 'Param': 'CityID', 'Value': '0'}},
       {'item': {'List': 0, 'Param': 'sr', 'Value': 'Index'}},
       {'item': {'List': 0, 'Param': 'sn', 'Value': 'HK.Home'}}],
      dtype=object)}",CityID:0;sr:Index;sn:HK.Home,Events,OpenRice_iOS/7.20.5 (iPhone; iOS 26.6.2);Lang:zh-HK,OpenRice,production-orga-openrice-netcore-app-67b5c6675c-j2lhc,2026-09-15 07:14:01+00:00,ios
241938,3c09a1ff-e829-4900-a029-8fb5d8bcc6bf,2026-09-15 07:35:04.100000+00:00,1181ab40-95fb-40d1-92d0-73913cd60b28,219.78.77.30,or.search.layer,,,,"{'list': array([{'item': {'List': 0, 'Param': 'CityID', 'Value': '0'}},
       {'item': {'List': 0, 'Param': 'Lang', 'Value': 'hk'}},
       {'item': {'List': 0, 'Param': 'Ver', 'Value': '7.20.5'}},
       {'item': {'List': 0, 'Param': 'sn', 'Value': 'HK.QckSearch'}}],
      dtype=object)}",CityID:0;Lang:hk;Ver:7.20.5;sn:HK.QckSearch,Events,OpenRice_iOS/7.20.5 (iPhone; iOS 26.6.2);Lang:zh-HK,OpenRice,production-orga-openrice-netcore-app-67b5c6675c-j2lhc,2026-09-15 07:14:01+00:00,ios
241938,3c09a1ff-e829-4900-a029-8fb5d8bcc6bf,2026-09-15 07:35:07.900000+00:00,1181ab40-95fb-40d1-92d0-73913cd60b28,219.78.77.30,or.search.quick,,,,"{'list': array([{'item': {'List': 0, 'Param': 'Page', 'Value': '1'}},
       {'item': {'List': 0, 'Param': 'chainId', 'Value': '10006535'}},
       {'item': {'List': 0, 'Param': 'savehistory', 'Value': 'true'}},
       {'item': {'List': 0, 'Param': 'CityID', 'Value': '0'}},
       {'item': {'List': 0, 'Param': 'Lang', 'Value': 'hk'}},
       {'item': {'List': 0, 'Param': 'Ver', 'Value': '7.20.5'}},
       {'item': {'List': 0, 'Param': 'sr', 'Value': 'qcksearch'}},
       {'item': {'List': 0, 'Param': 'sn', 'Value': 'HK.Search.SR1.1'}}],
      dtype=object)}",Page:1;chainId:10006535;savehistory:true;CityID:0;Lang:hk;Ver:7.20.5;sr:qcksearch;sn:HK.Search.SR1.1,Events,OpenRice_iOS/7.20.5 (iPhone; iOS 26.6.2);Lang:zh-HK,OpenRice,production-orga-openrice-netcore-app-67b5c6675c-j2lhc,2026-09-15 07:14:01+00:00,ios
241938,3c09a1ff-e829-4900-a029-8fb5d8bcc6bf,2026-09-15 07:35:08.200000+00:00,1181ab40-95fb-40d1-92d0-73913cd60b28,219.78.77.30,impression.poi,,,,"{'list': array([{'item': {'List': 0, 'Param': 'CityID', 'Value': '0'}},
       {'item': {'List': 0, 'Param': 'Lang', 'Value': 'hk'}},
       {'item': {'List': 0, 'Param': 'Ver', 'Value': '7.20.5'}},
       {'item': {'List': 0, 'Param': 'POIID', 'Value': '678652'}},
       {'item': {'List': 0, 'Param': 'Type', 'Value': 'General'}},
       {'item': {'List': 0, 'Param': 'sr', 'Value': '2'}},
       {'item': {'List': 0, 'Param': 'poiTypeId', 'Value': '1'}},
       {'item': {'List': 0, 'Param': 'sn', 'Value': 'HK.Search.SR1.1'}}],
      dtype=object)}",CityID:0;Lang:hk;Ver:7.20.5;POIID:678652;Type:General;sr:2;poiTypeId:1;sn:HK.Search.SR1.1,Events,OpenRice_iOS/7.20.5 (iPhone; iOS 26.6.2);Lang:zh-HK,OpenRice,production-orga-openrice-netcore-app-67b5c6675c-j2lhc,2026-09-15 07:14:01+00:00,ios
241938,3c09a1ff-e829-4900-a029-8fb5d8bcc6bf,2026-09-15 07:35:08.200000+00:00,1181ab40-95fb-40d1-92d0-73913cd60b28,219.78.77.30,impression.poi,,,,"{'list': array([{'item': {'List': 0, 'Param': 'CityID', 'Value': '0'}},
       {'item': {'List': 0, 'Param': 'Lang', 'Value': 'hk'}},
       {'item': {'List': 0, 'Param': 'Ver', 'Value': '7.20.5'}},
       {'item': {'List': 0, 'Param': 'POIID', 'Value': '721610'}},
       {'item': {'List': 0, 'Param': 'Type', 'Value': 'General'}},
       {'item': {'List': 0, 'Param': 'sr', 'Value': '2'}},
       {'item': {'List': 0, 'Param': 'poiTypeId', 'Value': '1'}},
       {'item': {'List': 0, 'Param': 'sn', 'Value': 'HK.Search.SR1.1'}}],
      dtype=object)}",CityID:0;Lang:hk;Ver:7.20.5;POIID:721610;Type:General;sr:2;poiTypeId:1;sn:HK.Search.SR1.1,Events,OpenRice_iOS/7.20.5 (iPhone; iOS 26.6.2);Lang:zh-HK,OpenRice,production-orga-openrice-netcore-app-67b5c6675c-j2lhc,2026-09-15 07:14:01+00:00,ios
241938,3c09a1ff-e829-4900-a029-8fb5d8bcc6bf,2026-09-15 07:35:10+00:00,1181ab40-95fb-40d1-92d0-73913cd60b28,219.78.77.30,or.takeaway.order,,,,"{'list': array([{'item': {'List': 0, 'Param': 'CityID', 'Value': '0'}},
       {'item': {'List': 0, 'Param': 'Lang', 'Value': 'hk'}},
       {'item': {'List': 0, 'Param': 'Ver', 'Value': '7.20.5'}},
       {'item': {'List': 0, 'Param': 'POIID', 'Value': '678652'}},
       {'item': {'List': 0, 'Param': 'sr', 'Value': 'sr1'}},
       {'item': {'List': 0, 'Param': 'sn', 'Value': 'HK.Takeaway.order.678652'}}],
      dtype=object)}",CityID:0;Lang:hk;Ver:7.20.5;POIID:678652;sr:sr1;sn:HK.Takeaway.order.678652,Events,OpenRice_iOS/7.20.5 (iPhone; iOS 26.6.2);Lang:zh-HK,OpenRice,production-orga-openrice-netcore-app-67b5c6675c-j2lhc,2026-09-15 07:14:01+00:00,ios
241938,3c09a1ff-e829-4900-a029-8fb5d8bcc6bf,2026-09-15 07:35:39.800000+00:00,1181ab40-95fb-40d1-92d0-73913cd60b28,219.78.77.30,or.takeaway.checkout,,,,"{'list': array([{'item': {'List': 0, 'Param': 'CityID', 'Value': '0'}},
       {'item': {'List': 0, 'Param': 'Lang', 'Value': 'hk'}},
       {'item': {'List': 0, 'Param': 'Ver', 'Value': '7.20.5'}},
       {'item': {'List': 0, 'Param': 'sr', 'Value': 'menu'}},
       {'item': {'List': 0, 'Param': 'POIID', 'Value': '678652'}},
       {'item': {'List': 0, 'Param': 'sn', 'Value': 'HK.Takeaway.order.678652'}}],
      dtype=object)}",CityID:0;Lang:hk;Ver:7.20.5;sr:menu;POIID:678652;sn:HK.Takeaway.order.678652,Events,OpenRice_iOS/7.20.5 (iPhone; iOS 26.6.2);Lang:zh-HK,OpenRice,production-orga-openrice-netcore-app-67b5c6675c-j2lhc,2026-09-15 07:15:02+00:00,ios
241938,3c09a1ff-e829-4900-a029-8fb5d8bcc6bf,2026-09-15 07:53:49.700000+00:00,1181ab40-95fb-40d1-92d0-73913cd60b28,219.78.77.30,or.app.resume,,,,"{'list': array([{'item': {'List': 0, 'Param': 'CityID', 'Value': '0'}},
       {'item': {'List': 0, 'Param': 'Lang', 'Value': 'hk'}},
       {'item': {'List': 0, 'Param': 'Ver', 'Value': '7.20.5'}}],
      dtype=object)}",CityID:0;Lang:hk;Ver:7.20.5,Events,OpenRice_iOS/7.20.5 (iPhone; iOS 26.6.2);Lang:zh-HK,OpenRice,production-orga-openrice-netcore-app-67b5c6675c-j2lhc,2026-09-15 07:33:01+00:00,ios
241938,3c09a1ff-e829-4900-a029-8fb5d8bcc6bf,2026-09-15 07:53:50.700000+00:00,1181ab40-95fb-40d1-92d0-73913cd60b28,219.78.77.30,or.app.start,,,,"{'list': array([{'item': {'List': 0, 'Param': 'CityID', 'Value': '0'}},
       {'item': {'List': 0, 'Param': 'Lang', 'Value': 'hk'}},
       {'item': {'List': 0, 'Param': 'Ver', 'Value': '7.20.5'}},
       {'item': {'List': 0, 'Param': 'device', 'Value': 'iPhone 14 Pro Max'}}],
      dtype=object)}",CityID:0;Lang:hk;Ver:7.20.5;device:iPhone 14 Pro Max,Events,OpenRice_iOS/7.20.5 (iPhone; iOS 26.6.2);Lang:zh-HK,OpenRice,production-orga-openrice-netcore-app-67b5c6675c-j2lhc,2026-09-15 07:33:01+00:00,ios
241938,3c09a1ff-e829-4900-a029-8fb5d8bcc6bf,2026-09-15 07:53:52.200000+00:00,1181ab40-95fb-40d1-92d0-73913cd60b28,219.78.77.30,or.qcksearch,,,,"{'list': array([{'item': {'List': 0, 'Param': 'CityID', 'Value': '0'}},
       {'item': {'List': 0, 'Param': 'sr', 'Value': 'Index'}},
       {'item': {'List': 0, 'Param': 'sn', 'Value': 'HK.Home'}}],
      dtype=object)}",CityID:0;sr:Index;sn:HK.Home,Events,OpenRice_iOS/7.20.5 (iPhone; iOS 26.6.2);Lang:zh-HK,OpenRice,production-orga-openrice-netcore-app-67b5c6675c-j2lhc,2026-09-15 07:33:01+00:00,ios
241938,3c09a1ff-e829-4900-a029-8fb5d8bcc6bf,2026-09-15 07:53:53.700000+00:00,1181ab40-95fb-40d1-92d0-73913cd60b28,219.78.77.30,or.search.quick,,,,"{'list': array([{'item': {'List': 0, 'Param': 'Page', 'Value': '1'}},
       {'item': {'List': 0, 'Param': 'chainId', 'Value': '10006535'}},
       {'item': {'List': 0, 'Param': 'savehistory', 'Value': 'true'}},
       {'item': {'List': 0, 'Param': 'CityID', 'Value': '0'}},
       {'item': {'List': 0, 'Param': 'Lang', 'Value': 'hk'}},
       {'item': {'List': 0, 'Param': 'Ver', 'Value': '7.20.5'}},
       {'item': {'List': 0, 'Param': 'sr', 'Value': 'qcksearch'}},
       {'item': {'List': 0, 'Param': 'sn', 'Value': 'HK.Search.SR1.1'}}],
      dtype=object)}",Page:1;chainId:10006535;savehistory:true;CityID:0;Lang:hk;Ver:7.20.5;sr:qcksearch;sn:HK.Search.SR1.1,Events,OpenRice_iOS/7.20.5 (iPhone; iOS 26.6.2);Lang:zh-HK,OpenRice,production-orga-openrice-netcore-app-67b5c6675c-j2lhc,2026-09-15 07:33:01+00:00,ios
241938,3c09a1ff-e829-4900-a029-8fb5d8bcc6bf,2026-09-15 07:53:54.200000+00:00,1181ab40-95fb-40d1-92d0-73913cd60b28,219.78.77.30,impression.poi,,,,"{'list': array([{'item': {'List': 0, 'Param': 'CityID', 'Value': '0'}},
       {'item': {'List': 0, 'Param': 'Lang', 'Value': 'hk'}},
       {'item': {'List': 0, 'Param': 'Ver', 'Value': '7.20.5'}},
       {'item': {'List': 0, 'Param': 'POIID', 'Value': '721610'}},
       {'item': {'List': 0, 'Param': 'Type', 'Value': 'General'}},
       {'item': {'List': 0, 'Param': 'sr', 'Value': '2'}},
       {'item': {'List': 0, 'Param': 'poiTypeId', 'Value': '1'}},
       {'item': {'List': 0, 'Param': 'sn', 'Value': 'HK.Search.SR1.1'}}],
      dtype=object)}",CityID:0;Lang:hk;Ver:7.20.5;POIID:721610;Type:General;sr:2;poiTypeId:1;sn:HK.Search.SR1.1,Events,OpenRice_iOS/7.20.5 (iPhone; iOS 26.6.2);Lang:zh-HK,OpenRice,production-orga-openrice-netcore-app-67b5c6675c-j2lhc,2026-09-15 07:33:01+00:00,ios
241938,3c09a1ff-e829-4900-a029-8fb5d8bcc6bf,2026-09-15 07:53:54.200000+00:00,1181ab40-95fb-40d1-92d0-73913cd60b28,219.78.77.30,impression.poi,,,,"{'list': array([{'item': {'List': 0, 'Param': 'CityID', 'Value': '0'}},
       {'item': {'List': 0, 'Param': 'Lang', 'Value': 'hk'}},
       {'item': {'List': 0, 'Param': 'Ver', 'Value': '7.20.5'}},
       {'item': {'List': 0, 'Param': 'POIID', 'Value': '678652'}},
       {'item': {'List': 0, 'Param': 'Type', 'Value': 'General'}},
       {'item': {'List': 0, 'Param': 'sr', 'Value': '2'}},
       {'item': {'List': 0, 'Param': 'poiTypeId', 'Value': '1'}},
       {'item': {'List': 0, 'Param': 'sn', 'Value': 'HK.Search.SR1.1'}}],
      dtype=object)}",CityID:0;Lang:hk;Ver:7.20.5;POIID:678652;Type:General;sr:2;poiTypeId:1;sn:HK.Search.SR1.1,Events,OpenRice_iOS/7.20.5 (iPhone; iOS 26.6.2);Lang:zh-HK,OpenRice,production-orga-openrice-netcore-app-67b5c6675c-j2lhc,2026-09-15 07:33:01+00:00,ios
241938,3c09a1ff-e829-4900-a029-8fb5d8bcc6bf,2026-09-15 07:53:55.400000+00:00,1181ab40-95fb-40d1-92d0-73913cd60b28,219.78.77.30,or.poi.get-details,,,,"{'list': array([{'item': {'List': 0, 'Param': 'CityID', 'Value': '0'}},
       {'item': {'List': 0, 'Param': 'Lang', 'Value': 'hk'}},
       {'item': {'List': 0, 'Param': 'Ver', 'Value': '7.20.5'}},
       {'item': {'List': 0, 'Param': 'POIID', 'Value': '678652'}},
       {'item': {'List': 0, 'Param': 'poiTypeId', 'Value': '1'}},
       {'item': {'List': 0, 'Param': 'sr', 'Value': 'sr1'}},
       {'item': {'List': 0, 'Param': 'sn', 'Value': 'HK.Search.SR1.1'}}],
      dtype=object)}",CityID:0;Lang:hk;Ver:7.20.5;POIID:678652;poiTypeId:1;sr:sr1;sn:HK.Search.SR1.1,Events,OpenRice_iOS/7.20.5 (iPhone; iOS 26.6.2);Lang:zh-HK,OpenRice,production-orga-openrice-netcore-app-67b5c6675c-j2lhc,2026-09-15 07:33:01+00:00,ios
241938,3c09a1ff-e829-4900-a029-8fb5d8bcc6bf,2026-09-15 07:53:55.400000+00:00,1181ab40-95fb-40d1-92d0-73913cd60b28,219.78.77.30,or.search.get-poi,,,,"{'list': array([{'item': {'List': 0, 'Param': 'CityID', 'Value': '0'}},
       {'item': {'List': 0, 'Param': 'Lang', 'Value': 'hk'}},
       {'item': {'List': 0, 'Param': 'Ver', 'Value': '7.20.5'}},
       {'item': {'List': 0, 'Param': 'POIID', 'Value': '678652'}},
       {'item': {'List': 0, 'Param': 'poiTypeId', 'Value': '1'}},
       {'item': {'List': 0, 'Param': 'sr', 'Value': 'sr1'}},
       {'item': {'List': 0, 'Param': 'sn', 'Value': 'HK.Search.SR1.1'}}],
      dtype=object)}",CityID:0;Lang:hk;Ver:7.20.5;POIID:678652;poiTypeId:1;sr:sr1;sn:HK.Search.SR1.1,Events,OpenRice_iOS/7.20.5 (iPhone; iOS 26.6.2);Lang:zh-HK,OpenRice,production-orga-openrice-netcore-app-67b5c6675c-j2lhc,2026-09-15 07:33:01+00:00,ios
241938,3c09a1ff-e829-4900-a029-8fb5d8bcc6bf,2026-09-15 07:53:55.400000+00:00,1181ab40-95fb-40d1-92d0-73913cd60b28,219.78.77.30,or.poi.get-overview,,,,"{'list': array([{'item': {'List': 0, 'Param': 'CityID', 'Value': '0'}},
       {'item': {'List': 0, 'Param': 'Lang', 'Value': 'hk'}},
       {'item': {'List': 0, 'Param': 'Ver', 'Value': '7.20.5'}},
       {'item': {'List': 0, 'Param': 'POIID', 'Value': '678652'}},
       {'item': {'List': 0, 'Param': 'poiTypeId', 'Value': '1'}},
       {'item': {'List': 0, 'Param': 'sn', 'Value': 'HK.Search.SR1.1'}}],
      dtype=object)}",CityID:0;Lang:hk;Ver:7.20.5;POIID:678652;poiTypeId:1;sn:HK.Search.SR1.1,Events,OpenRice_iOS/7.20.5 (iPhone; iOS 26.6.2);Lang:zh-HK,OpenRice,production-orga-openrice-netcore-app-67b5c6675c-j2lhc,2026-09-15 07:33:01+00:00,ios
241938,3c09a1ff-e829-4900-a029-8fb5d8bcc6bf,2026-09-15 07:53:57.600000+00:00,1181ab40-95fb-40d1-92d0-73913cd60b28,219.78.77.30,or.takeaway.order,,,,"{'list': array([{'item': {'List': 0, 'Param': 'CityID', 'Value': '0'}},
       {'item': {'List': 0, 'Param': 'Lang', 'Value': 'hk'}},
       {'item': {'List': 0, 'Param': 'Ver', 'Value': '7.20.5'}},
       {'item': {'List': 0, 'Param': 'POIID', 'Value': '678652'}},
       {'item': {'List': 0, 'Param': 'sr', 'Value': 'menu'}},
       {'item': {'List': 0, 'Param': 'sn', 'Value': 'HK.Takeaway.order.678652'}}],
      dtype=object)}",CityID:0;Lang:hk;Ver:7.20.5;POIID:678652;sr:menu;sn:HK.Takeaway.order.678652,Events,OpenRice_iOS/7.20.5 (iPhone; iOS 26.6.2);Lang:zh-HK,OpenRice,production-orga-openrice-netcore-app-67b5c6675c-j2lhc,2026-09-15 07:33:01+00:00,ios
241938,3c09a1ff-e829-4900-a029-8fb5d8bcc6bf,2026-09-15 07:54:15.700000+00:00,1181ab40-95fb-40d1-92d0-73913cd60b28,219.78.77.30,or.takeaway.checkout,,,,"{'list': array([{'item': {'List': 0, 'Param': 'CityID', 'Value': '0'}},
       {'item': {'List': 0, 'Param': 'Lang', 'Value': 'hk'}},
       {'item': {'List': 0, 'Param': 'Ver', 'Value': '7.20.5'}},
       {'item': {'List': 0, 'Param': 'sr', 'Value': 'menu'}},
       {'item': {'List': 0, 'Param': 'POIID', 'Value': '678652'}},
       {'item': {'List': 0, 'Param': 'sn', 'Value': 'HK.Takeaway.order.678652'}}],
      dtype=object)}",CityID:0;Lang:hk;Ver:7.20.5;sr:menu;POIID:678652;sn:HK.Takeaway.order.678652,Events,OpenRice_iOS/7.20.5 (iPhone; iOS 26.6.2);Lang:zh-HK,OpenRice,production-orga-openrice-netcore-app-67b5c6675c-9plj9,2026-09-15 07:34:01+00:00,ios
241938,3c09a1ff-e829-4900-a029-8fb5d8bcc6bf,2026-09-15 07:54:45.200000+00:00,1181ab40-95fb-40d1-92d0-73913cd60b28,219.78.77.30,or.takeaway.place-order,,,,"{'list': array([{'item': {'List': 0, 'Param': 'CityID', 'Value': '0'}},
       {'item': {'List': 0, 'Param': 'Lang', 'Value': 'hk'}},
       {'item': {'List': 0, 'Param': 'Ver', 'Value': '7.20.5'}},
       {'item': {'List': 0, 'Param': 'sr', 'Value': 'checkout'}},
       {'item': {'List': 0, 'Param': 'POIID', 'Value': '678652'}},
       {'item': {'List': 0, 'Param': 'PromoCode', 'Value': 'None'}},
       {'item': {'List': 0, 'Param': 'sn', 'Value': 'HK.Takeaway.checkout.678652'}}],
      dtype=object)}",CityID:0;Lang:hk;Ver:7.20.5;sr:checkout;POIID:678652;PromoCode:None;sn:HK.Takeaway.checkout.678652,Events,OpenRice_iOS/7.20.5 (iPhone; iOS 26.6.2);Lang:zh-HK,OpenRice,production-orga-openrice-netcore-app-67b5c6675c-j2lhc,2026-09-15 07:34:01+00:00,ios
241938,3c09a1ff-e829-4900-a029-8fb5d8bcc6bf,2026-09-15 07:54:49.800000+00:00,1181ab40-95fb-40d1-92d0-73913cd60b28,219.78.77.30,or.takeaway.pay,,,,"{'list': array([{'item': {'List': 0, 'Param': 'CityID', 'Value': '0'}},
       {'item': {'List': 0, 'Param': 'Lang', 'Value': 'hk'}},
       {'item': {'List': 0, 'Param': 'Ver', 'Value': '7.20.5'}},
       {'item': {'List': 0, 'Param': 'sr', 'Value': 'payment'}},
       {'item': {'List': 0, 'Param': 'poiId', 'Value': '678652'}}],
      dtype=object)}",CityID:0;Lang:hk;Ver:7.20.5;sr:payment;poiId:678652,Events,OpenRice_iOS/7.20.5 (iPhone; iOS 26.6.2);Lang:zh-HK,OpenRice,production-orga-openrice-netcore-app-67b5c6675c-b4jfn,2026-09-15 07:34:01+00:00,ios
241938,3c09a1ff-e829-4900-a029-8fb5d8bcc6bf,2026-09-15 07:55:11.900000+00:00,1181ab40-95fb-40d1-92d0-73913cd60b28,219.78.77.30,or.app.resume,,,,"{'list': array([{'item': {'List': 0, 'Param': 'CityID', 'Value': '0'}},
       {'item': {'List': 0, 'Param': 'Lang', 'Value': 'hk'}},
       {'item': {'List': 0, 'Param': 'Ver', 'Value': '7.20.5'}}],
      dtype=object)}",CityID:0;Lang:hk;Ver:7.20.5,Events,OpenRice_iOS/7.20.5 (iPhone; iOS 26.6.2);Lang:zh-HK,OpenRice,production-orga-openrice-netcore-app-67b5c6675c-b4jfn,2026-09-15 07:34:01+00:00,ios
241938,3c09a1ff-e829-4900-a029-8fb5d8bcc6bf,2026-09-15 07:55:15.600000+00:00,1181ab40-95fb-40d1-92d0-73913cd60b28,219.78.77.30,or.myor.orderList,,,,"{'list': array([{'item': {'List': 0, 'Param': '(null)', 'Value': ''}},
       {'item': {'List': 0, 'Param': 'sn', 'Value': 'HK.Home'}}],
      dtype=object)}",(null);sn:HK.Home,Events,OpenRice_iOS/7.20.5 (iPhone; iOS 26.6.2);Lang:zh-HK,OpenRice,production-orga-openrice-netcore-app-67b5c6675c-b4jfn,2026-09-15 07:34:01+00:00,ios
311131,4d5b5e4a-c1e3-4fb0-8b3e-8523d6398915,2026-09-15 07:54:43.800000+00:00,cc0367a7-34c5-4a73-8058-e8fca4deabdd,14.0.152.96,or.app.resume,,,,"{'list': array([{'item': {'List': 0, 'Param': 'CityID', 'Value': '0'}},
       {'item': {'List': 0, 'Param': 'Lang', 'Value': 'hk'}},
       {'item': {'List': 0, 'Param': 'Ver', 'Value': '7.20.5'}}],
      dtype=object)}",CityID:0;Lang:hk;Ver:7.20.5,Events,OpenRice_iOS/7.20.5 (iPhone; iOS 26.6.2);Lang:zh-HK,OpenRice,production-orga-openrice-netcore-app-67b5c6675c-9plj9,2026-09-15 07:34:01+00:00,ios
311131,4d5b5e4a-c1e3-4fb0-8b3e-8523d6398915,2026-09-15 07:54:44.100000+00:00,cc0367a7-34c5-4a73-8058-e8fca4deabdd,14.0.152.96,or.app.start,,,,"{'list': array([{'item': {'List': 0, 'Param': 'CityID', 'Value': '0'}},
       {'item': {'List': 0, 'Param': 'Lang', 'Value': 'hk'}},
       {'item': {'List': 0, 'Param': 'Ver', 'Value': '7.20.5'}},
       {'item': {'List': 0, 'Param': 'device', 'Value': 'iPhone17,1'}}],
      dtype=object)}","CityID:0;Lang:hk;Ver:7.20.5;device:iPhone17,1",Events,OpenRice_iOS/7.20.5 (iPhone; iOS 26.6.2);Lang:zh-HK,OpenRice,production-orga-openrice-netcore-app-67b5c6675c-9plj9,2026-09-15 07:34:01+00:00,ios
311131,4d5b5e4a-c1e3-4fb0-8b3e-8523d6398915,2026-09-15 07:54:45.700000+00:00,cc0367a7-34c5-4a73-8058-e8fca4deabdd,14.0.152.96,user.myor,,,,"{'list': array([{'item': {'List': 0, 'Param': 'CityID', 'Value': '0'}},
       {'item': {'List': 0, 'Param': 'Lang', 'Value': 'hk'}},
       {'item': {'List': 0, 'Param': 'Ver', 'Value': '7.20.5'}},
       {'item': {'List': 0, 'Param': 'sr', 'Value': 'btmBar'}}],
      dtype=object)}",CityID:0;Lang:hk;Ver:7.20.5;sr:btmBar,Events,OpenRice_iOS/7.20.5 (iPhone; iOS 26.6.2);Lang:zh-HK,OpenRice,production-orga-openrice-netcore-app-67b5c6675c-9plj9,2026-09-15 07:34:01+00:00,ios
311131,4d5b5e4a-c1e3-4fb0-8b3e-8523d6398915,2026-09-15 07:54:51.700000+00:00,cc0367a7-34c5-4a73-8058-e8fca4deabdd,14.0.152.96,or.myor.orderList,,,,"{'list': array([{'item': {'List': 0, 'Param': '(null)', 'Value': ''}},
       {'item': {'List': 0, 'Param': 'sn', 'Value': 'HK.Me'}}],
      dtype=object)}",(null);sn:HK.Me,Events,OpenRice_iOS/7.20.5 (iPhone; iOS 26.6.2);Lang:zh-HK,OpenRice,production-orga-openrice-netcore-app-67b5c6675c-9plj9,2026-09-15 07:34:01+00:00,ios
311131,4d5b5e4a-c1e3-4fb0-8b3e-8523d6398915,2026-09-15 07:54:54.700000+00:00,cc0367a7-34c5-4a73-8058-e8fca4deabdd,14.0.152.96,or.poi.get-details,,,,"{'list': array([{'item': {'List': 0, 'Param': 'CityID', 'Value': '0'}},
       {'item': {'List': 0, 'Param': 'Lang', 'Value': 'hk'}},
       {'item': {'List': 0, 'Param': 'Ver', 'Value': '7.20.5'}},
       {'item': {'List': 0, 'Param': 'POIID', 'Value': '697043'}},
       {'item': {'List': 0, 'Param': 'sn', 'Value': 'HK.Takeaway.detail.697043'}}],
      dtype=object)}",CityID:0;Lang:hk;Ver:7.20.5;POIID:697043;sn:HK.Takeaway.detail.697043,Events,OpenRice_iOS/7.20.5 (iPhone; iOS 26.6.2);Lang:zh-HK,OpenRice,production-orga-openrice-netcore-app-67b5c6675c-9plj9,2026-09-15 07:34:01+00:00,ios
311131,4d5b5e4a-c1e3-4fb0-8b3e-8523d6398915,2026-09-15 07:54:54.700000+00:00,cc0367a7-34c5-4a73-8058-e8fca4deabdd,14.0.152.96,or.poi.get-overview,,,,"{'list': array([{'item': {'List': 0, 'Param': 'CityID', 'Value': '0'}},
       {'item': {'List': 0, 'Param': 'Lang', 'Value': 'hk'}},
       {'item': {'List': 0, 'Param': 'Ver', 'Value': '7.20.5'}},
       {'item': {'List': 0, 'Param': 'POIID', 'Value': '697043'}},
       {'item': {'List': 0, 'Param': 'sn', 'Value': 'HK.Takeaway.detail.697043'}}],
      dtype=object)}",CityID:0;Lang:hk;Ver:7.20.5;POIID:697043;sn:HK.Takeaway.detail.697043,Events,OpenRice_iOS/7.20.5 (iPhone; iOS 26.6.2);Lang:zh-HK,OpenRice,production-orga-openrice-netcore-app-67b5c6675c-9plj9,2026-09-15 07:34:01+00:00,ios
311131,4d5b5e4a-c1e3-4fb0-8b3e-8523d6398915,2026-09-15 07:54:57.400000+00:00,cc0367a7-34c5-4a73-8058-e8fca4deabdd,14.0.152.96,or.takeaway.order,,,,"{'list': array([{'item': {'List': 0, 'Param': 'CityID', 'Value': '0'}},
       {'item': {'List': 0, 'Param': 'Lang', 'Value': 'hk'}},
       {'item': {'List': 0, 'Param': 'Ver', 'Value': '7.20.5'}},
       {'item': {'List': 0, 'Param': 'POIID', 'Value': '697043'}},
       {'item': {'List': 0, 'Param': 'sr', 'Value': 'menu'}},
       {'item': {'List': 0, 'Param': 'sn', 'Value': 'HK.Takeaway.order.697043'}}],
      dtype=object)}",CityID:0;Lang:hk;Ver:7.20.5;POIID:697043;sr:menu;sn:HK.Takeaway.order.697043,Events,OpenRice_iOS/7.20.5 (iPhone; iOS 26.6.2);Lang:zh-HK,OpenRice,production-orga-openrice-netcore-app-67b5c6675c-9plj9,2026-09-15 07:34:01+00:00,ios
311131,4d5b5e4a-c1e3-4fb0-8b3e-8523d6398915,2026-09-15 07:55:05.400000+00:00,cc0367a7-34c5-4a73-8058-e8fca4deabdd,14.0.152.96,or.takeaway.checkout,,,,"{'list': array([{'item': {'List': 0, 'Param': 'CityID', 'Value': '0'}},
       {'item': {'List': 0, 'Param': 'Lang', 'Value': 'hk'}},
       {'item': {'List': 0, 'Param': 'Ver', 'Value': '7.20.5'}},
       {'item': {'List': 0, 'Param': 'sr', 'Value': 'menu'}},
       {'item': {'List': 0, 'Param': 'POIID', 'Value': '697043'}},
       {'item': {'List': 0, 'Param': 'sn', 'Value': 'HK.Takeaway.order.697043'}}],
      dtype=object)}",CityID:0;Lang:hk;Ver:7.20.5;sr:menu;POIID:697043;sn:HK.Takeaway.order.697043,Events,OpenRice_iOS/7.20.5 (iPhone; iOS 26.6.2);Lang:zh-HK,OpenRice,production-orga-openrice-netcore-app-67b5c6675c-9plj9,2026-09-15 07:34:01+00:00,ios
311131,4d5b5e4a-c1e3-4fb0-8b3e-8523d6398915,2026-09-15 07:55:22.400000+00:00,cc0367a7-34c5-4a73-8058-e8fca4deabdd,14.0.152.96,or.takeaway.place-order,,,,"{'list': array([{'item': {'List': 0, 'Param': 'CityID', 'Value': '0'}},
       {'item': {'List': 0, 'Param': 'Lang', 'Value': 'hk'}},
       {'item': {'List': 0, 'Param': 'Ver', 'Value': '7.20.5'}},
       {'item': {'List': 0, 'Param': 'sr', 'Value': 'checkout'}},
       {'item': {'List': 0, 'Param': 'POIID', 'Value': '697043'}},
       {'item': {'List': 0, 'Param': 'PromoCode', 'Value': 'None'}},
       {'item': {'List': 0, 'Param': 'sn', 'Value': 'HK.Takeaway.checkout.697043'}}],
      dtype=object)}",CityID:0;Lang:hk;Ver:7.20.5;sr:checkout;POIID:697043;PromoCode:None;sn:HK.Takeaway.checkout.697043,Events,OpenRice_iOS/7.20.5 (iPhone; iOS 26.6.2);Lang:zh-HK,OpenRice,production-orga-openrice-netcore-app-67b5c6675c-b4jfn,2026-09-15 07:34:01+00:00,ios
311131,4d5b5e4a-c1e3-4fb0-8b3e-8523d6398915,2026-09-15 07:55:27.200000+00:00,cc0367a7-34c5-4a73-8058-e8fca4deabdd,14.0.152.96,or.takeaway.pay,,,,"{'list': array([{'item': {'List': 0, 'Param': 'CityID', 'Value': '0'}},
       {'item': {'List': 0, 'Param': 'Lang', 'Value': 'hk'}},
       {'item': {'List': 0, 'Param': 'Ver', 'Value': '7.20.5'}},
       {'item': {'List': 0, 'Param': 'sr', 'Value': 'payment'}},
       {'item': {'List': 0, 'Param': 'poiId', 'Value': '697043'}}],
      dtype=object)}",CityID:0;Lang:hk;Ver:7.20.5;sr:payment;poiId:697043,Events,OpenRice_iOS/7.20.5 (iPhone; iOS 26.6.2);Lang:zh-HK,OpenRice,production-orga-openrice-netcore-app-67b5c6675c-b4jfn,2026-09-15 07:34:01+00:00,ios
311131,4d5b5e4a-c1e3-4fb0-8b3e-8523d6398915,2026-09-15 07:55:40.500000+00:00,cc0367a7-34c5-4a73-8058-e8fca4deabdd,59.188.192.59,or.app.resume,,,,"{'list': array([{'item': {'List': 0, 'Param': 'CityID', 'Value': '0'}},
       {'item': {'List': 0, 'Param': 'Lang', 'Value': 'hk'}},
       {'item': {'List': 0, 'Param': 'Ver', 'Value': '7.20.5'}}],
      dtype=object)}",CityID:0;Lang:hk;Ver:7.20.5,Events,OpenRice_iOS/7.20.5 (iPhone; iOS 26.6.2);Lang:zh-HK,OpenRice,production-orga-openrice-netcore-app-67b5c6675c-b4jfn,2026-09-15 21:44:01+00:00,ios
